"ไทยรัฐ","['https://www.thairath.co.th']"
"สำนักข่าว","['https://www.thairath.co.th']"
"อันดับ","['https://www.thairath.co.th']"
"1","['https://www.thairath.co.th', 'https://www.blog.datahut.co/post/how-to-build-a-web-crawler-from-scratch']"
"ของ","['https://www.thairath.co.th']"
"ไทย","['https://www.thairath.co.th']"
"ออนไลน์","['https://www.thairath.co.th']"
"live","['https://www.thairath.co.th']"
"เข้าสู่ระบบ","['https://www.thairath.co.th']"
"สมัคร","['https://www.thairath.co.th']"
"สมาชิก","['https://www.thairath.co.th']"
"ค้นหา","['https://www.thairath.co.th']"
"hamburger","['https://www.thairath.co.th']"
"menu","['https://www.thairath.co.th', 'https://www.blog.datahut.co/post/how-to-build-a-web-crawler-from-scratch']"
"thairath","['https://www.thairath.co.th']"
"membership","['https://www.thairath.co.th']"
"จิตวิทยา","['https://www.thairath.co.th']"
"ปณิธาน","['https://www.thairath.co.th']"
"ปีใหม่","['https://www.thairath.co.th']"
"อะไร","['https://www.thairath.co.th']"
"ทำให้","['https://www.thairath.co.th']"
"ความตั้งใจ","['https://www.thairath.co.th']"
"ล้มเหลว","['https://www.thairath.co.th']"
"ทุกปี","['https://www.thairath.co.th']"
"นายกฯ","['https://www.thairath.co.th']"
"อธิษฐาน","['https://www.thairath.co.th']"
"ให้","['https://www.thairath.co.th']"
"บ้านเมือง","['https://www.thairath.co.th']"
"ดี","['https://www.thairath.co.th']"
"สงบสุข","['https://www.thairath.co.th']"
"หลัง","['https://www.thairath.co.th']"
"สักการะ","['https://www.thairath.co.th']"
"สิ่งศักดิ์สิทธิ์","['https://www.thairath.co.th']"
"ทำเนียบฯ","['https://www.thairath.co.th']"
"เช้า","['https://www.thairath.co.th']"
"วันทำงาน","['https://www.thairath.co.th']"
"รถ","['https://www.thairath.co.th']"
"บน","['https://www.thairath.co.th']"
"ถนน","['https://www.thairath.co.th']"
"มิตรภาพ","['https://www.thairath.co.th']"
"ยัง","['https://www.thairath.co.th']"
"แน่น","['https://www.thairath.co.th']"
"ติด","['https://www.thairath.co.th']"
"หนึบ","['https://www.thairath.co.th']"
"คาด","['https://www.thairath.co.th']"
"บ่าย","['https://www.thairath.co.th']"
"จะ","['https://www.thairath.co.th']"
"เบาบาง","['https://www.thairath.co.th']"
"สภาพอากาศ","['https://www.thairath.co.th']"
"วันนี้","['https://www.thairath.co.th']"
"อุ่น","['https://www.thairath.co.th']"
"ขึ้น","['https://www.thairath.co.th']"
"แล้ว","['https://www.thairath.co.th']"
"เหนือ","['https://www.thairath.co.th']"
"-","['https://www.thairath.co.th', 'https://www.blog.datahut.co/post/how-to-build-a-web-crawler-from-scratch']"
"อีสาน","['https://www.thairath.co.th']"
"หนาว","['https://www.thairath.co.th']"
"ภาค","['https://www.thairath.co.th']"
"อื่น","['https://www.thairath.co.th']"
"เย็น","['https://www.thairath.co.th']"
"ใต้","['https://www.thairath.co.th']"
"มี","['https://www.thairath.co.th']"
"ฝน","['https://www.thairath.co.th']"
"ลิเวอร์พูล","['https://www.thairath.co.th']"
"ฟอร์ม","['https://www.thairath.co.th']"
"บูด","['https://www.thairath.co.th']"
"เปิด","['https://www.thairath.co.th']"
"ปี","['https://www.thairath.co.th']"
"2023","['https://www.thairath.co.th']"
"บุก","['https://www.thairath.co.th']"
"โดน","['https://www.thairath.co.th']"
"ฟอร์ด","['https://www.thairath.co.th']"
"ยิง","['https://www.thairath.co.th']"
"เละ","['https://www.thairath.co.th']"
"รั้ง","['https://www.thairath.co.th']"
"ที่","['https://www.thairath.co.th']"
"6","['https://www.thairath.co.th']"
"พรีเมียร์","['https://www.thairath.co.th']"
"ลีก","['https://www.thairath.co.th']"
"เพลิง","['https://www.thairath.co.th']"
"นรก","['https://www.thairath.co.th']"
"เผา","['https://www.thairath.co.th']"
"วอด","['https://www.thairath.co.th']"
"ร้าน","['https://www.thairath.co.th']"
"ทอง","['https://www.thairath.co.th']"
"เก่าแก่","['https://www.thairath.co.th']"
"กลางเมือง","['https://www.thairath.co.th']"
"กาฬสินธุ์","['https://www.thairath.co.th']"
"ดับ","['https://www.thairath.co.th']"
"สังเวย","['https://www.thairath.co.th']"
"ศพ","['https://www.thairath.co.th']"
"คลิป","['https://www.thairath.co.th']"
"รวบ","['https://www.thairath.co.th']"
"อธิบดี","['https://www.thairath.co.th']"
"กรมอุทยานฯ","['https://www.thairath.co.th']"
"ความล้มเหลว","['https://www.thairath.co.th']"
"แก้","['https://www.thairath.co.th']"
"คอร์รัปชัน","['https://www.thairath.co.th']"
"ราชการ","['https://www.thairath.co.th']"
"2","['https://www.thairath.co.th', 'https://www.blog.datahut.co/post/how-to-build-a-web-crawler-from-scratch']"
"3","['https://www.thairath.co.th', 'https://www.blog.datahut.co/post/how-to-build-a-web-crawler-from-scratch']"
"4","['https://www.thairath.co.th', 'https://www.blog.datahut.co/post/how-to-build-a-web-crawler-from-scratch']"
"5","['https://www.thairath.co.th']"
"7","['https://www.thairath.co.th', 'https://www.blog.datahut.co/post/how-to-build-a-web-crawler-from-scratch']"
"8","['https://www.thairath.co.th', 'https://www.blog.datahut.co/post/how-to-build-a-web-crawler-from-scratch']"
"เรื่อง","['https://www.thairath.co.th']"
"เด่น","['https://www.thairath.co.th']"
"ใน","['https://www.thairath.co.th']"
"กระแส","['https://www.thairath.co.th']"
"ราย","['https://www.thairath.co.th']"
"งานพิเศษ","['https://www.thairath.co.th']"
"ทั่ว","['https://www.thairath.co.th']"
"การเมือง","['https://www.thairath.co.th']"
"เศรษฐกิจ","['https://www.thairath.co.th']"
"ต่างประเทศ","['https://www.thairath.co.th']"
"อาชญากรรม","['https://www.thairath.co.th']"
"บันเทิง","['https://www.thairath.co.th']"
"กีฬา","['https://www.thairath.co.th']"
"วี","['https://www.thairath.co.th']"
"ดิ","['https://www.thairath.co.th']"
"โอ","['https://www.thairath.co.th']"
"เทคโนโลยี","['https://www.thairath.co.th']"
"ยานยนต์","['https://www.thairath.co.th']"
"sponsored","['https://www.thairath.co.th']"
"spotlight","['https://www.thairath.co.th']"
"ดู","['https://www.thairath.co.th']"
"ทั้งหมด","['https://www.thairath.co.th']"
"วัคซีน","['https://www.thairath.co.th']"
"โควิด","['https://www.thairath.co.th']"
"บัตร","['https://www.thairath.co.th']"
"ผ่าน","['https://www.thairath.co.th']"
"เข้าสู่","['https://www.thairath.co.th']"
"โลก","['https://www.thairath.co.th']"
"ใบ","['https://www.thairath.co.th']"
"ใหม่","['https://www.thairath.co.th']"
"คุณ","['https://www.thairath.co.th']"
"ทีวี","['https://www.thairath.co.th']"
"ครั้งสุดท้าย","['https://www.thairath.co.th']"
"เมื่อไร","['https://www.thairath.co.th']"
"ทศวรรษ","['https://www.thairath.co.th']"
"จิตรกรรม","['https://www.thairath.co.th']"
"บัวหลวง","['https://www.thairath.co.th']"
"เวที","['https://www.thairath.co.th']"
"แห่ง","['https://www.thairath.co.th']"
"การ","['https://www.thairath.co.th']"
"สร้างสรรค์","['https://www.thairath.co.th']"
"สืบสาน","['https://www.thairath.co.th']"
"ศิลปะ","['https://www.thairath.co.th']"
"งาน","['https://www.thairath.co.th']"
"ดวง","['https://www.thairath.co.th']"
"การเงิน","['https://www.thairath.co.th']"
"วิถี","['https://www.thairath.co.th']"
"เพื่อ","['https://www.thairath.co.th']"
"การออม","['https://www.thairath.co.th']"
"และ","['https://www.thairath.co.th']"
"การลงทุน","['https://www.thairath.co.th']"
"ใช่","['https://www.thairath.co.th']"
"สำหรับ","['https://www.thairath.co.th']"
"ห้องเรียน","['https://www.thairath.co.th']"
"อากาศ","['https://www.thairath.co.th']"
"การเรียน","['https://www.thairath.co.th']"
"รู้อยู่","['https://www.thairath.co.th']"
"ได้","['https://www.thairath.co.th']"
"ทุกที่","['https://www.thairath.co.th']"
"แต่","['https://www.thairath.co.th']"
"ไม่","['https://www.thairath.co.th']"
"ไว้","['https://www.thairath.co.th']"
"เด็ก","['https://www.thairath.co.th']"
"ทุกคน","['https://www.thairath.co.th']"
"คอลัมน์","['https://www.thairath.co.th']"
"ถอดรหัส","['https://www.thairath.co.th']"
"2566","['https://www.thairath.co.th']"
"จบ","['https://www.thairath.co.th']"
"แน่","['https://www.thairath.co.th']"
"สกู๊ป","['https://www.thairath.co.th']"
"หน้า","['https://www.thairath.co.th']"
"ฉบับ","['https://www.thairath.co.th']"
"พิมพ์","['https://www.thairath.co.th']"
"ผ่า","['https://www.thairath.co.th']"
"สถานการณ์","['https://www.thairath.co.th']"
"การเลือกตั้ง","['https://www.thairath.co.th']"
"ดับไฟ","['https://www.thairath.co.th']"
"ก่อน","['https://www.thairath.co.th']"
"ถึง","['https://www.thairath.co.th']"
"ทางตัน","['https://www.thairath.co.th']"
"วิเคราะห์","['https://www.thairath.co.th']"
"ทีม","['https://www.thairath.co.th']"
"ข่าวการเมือง","['https://www.thairath.co.th']"
"66","['https://www.thairath.co.th']"
"คือ","['https://www.thairath.co.th']"
"เลข","['https://www.thairath.co.th']"
"เฮง","['https://www.thairath.co.th']"
"หัว","['https://www.thairath.co.th']"
"เขียว","['https://www.thairath.co.th']"
"แม่","['https://www.thairath.co.th']"
"ลูก","['https://www.thairath.co.th']"
"จันทร์","['https://www.thairath.co.th']"
"กติกา","['https://www.thairath.co.th']"
"กระต่าย","['https://www.thairath.co.th']"
"–","['https://www.thairath.co.th']"
"เต่า","['https://www.thairath.co.th']"
"ชักธง","['https://www.thairath.co.th']"
"รบ","['https://www.thairath.co.th']"
"กิเลน","['https://www.thairath.co.th']"
"ประ","['https://www.thairath.co.th']"
"ลองเชิง","['https://www.thairath.co.th']"
"ดวงชะตา","['https://www.thairath.co.th']"
"ต้อง","['https://www.thairath.co.th']"
"ฟ้า","['https://www.thairath.co.th']"
"ลิขิต","['https://www.thairath.co.th']"
"กล้าได้กล้าเสีย","['https://www.thairath.co.th']"
"สุริยะ","['https://www.thairath.co.th']"
"น่า","['https://www.thairath.co.th']"
"ติดตาม","['https://www.thairath.co.th']"
"the","['https://www.thairath.co.th', 'https://www.blog.datahut.co/post/how-to-build-a-web-crawler-from-scratch']"
"issue","['https://www.thairath.co.th']"
"ไขความลับ","['https://www.thairath.co.th']"
"พระ","['https://www.thairath.co.th']"
"ธาตุแท้","['https://www.thairath.co.th']"
"พุทธคุณ","['https://www.thairath.co.th']"
"ระคาย","['https://www.thairath.co.th']"
"ผิว","['https://www.thairath.co.th']"
"หรือ","['https://www.thairath.co.th']"
"สิ่ง","['https://www.thairath.co.th']"
"สมมติ","['https://www.thairath.co.th']"
"อวด","['https://www.thairath.co.th']"
"อุตริ","['https://www.thairath.co.th']"
"เรื่องใหญ่","['https://www.thairath.co.th']"
"สะท้อน","['https://www.thairath.co.th']"
"สภาพ","['https://www.thairath.co.th']"
"สังคม","['https://www.thairath.co.th']"
"โรค","['https://www.thairath.co.th']"
"ห่วง","['https://www.thairath.co.th']"
"เจ็บป่วย","['https://www.thairath.co.th']"
"เพิ่ม","['https://www.thairath.co.th']"
"275","['https://www.thairath.co.th']"
"เตือน","['https://www.thairath.co.th']"
"ซด","['https://www.thairath.co.th']"
"เหล้า","['https://www.thairath.co.th']"
"ข้ามคืน","['https://www.thairath.co.th']"
"ดื่ม","['https://www.thairath.co.th']"
"เพียว","['https://www.thairath.co.th']"
"เกิน","['https://www.thairath.co.th']"
"10","['https://www.thairath.co.th', 'https://www.blog.datahut.co/post/how-to-build-a-web-crawler-from-scratch']"
"ชอต","['https://www.thairath.co.th']"
"มัจจุราช","['https://www.thairath.co.th']"
"เงียบ","['https://www.thairath.co.th']"
"สยอง","['https://www.thairath.co.th']"
"คา","['https://www.thairath.co.th']"
"วง","['https://www.thairath.co.th']"
"18","['https://www.thairath.co.th']"
"04","['https://www.thairath.co.th']"
"น.","['https://www.thairath.co.th']"
"ส่อง","['https://www.thairath.co.th']"
"วิทยาศาสตร์","['https://www.thairath.co.th']"
"ตอน","['https://www.thairath.co.th']"
"ที่สอง","['https://www.thairath.co.th']"
"world","['https://www.thairath.co.th']"
"07","['https://www.thairath.co.th']"
"03","['https://www.thairath.co.th']"
"อาถรรพณ์","['https://www.thairath.co.th']"
"วัด","['https://www.thairath.co.th']"
"ร้าง","['https://www.thairath.co.th']"
"คำสาป","['https://www.thairath.co.th']"
"ปู่","['https://www.thairath.co.th']"
"โสม","['https://www.thairath.co.th']"
"เฝ้า","['https://www.thairath.co.th']"
"ทรัพย์","['https://www.thairath.co.th']"
"ความเชื่อ","['https://www.thairath.co.th']"
"โบราณ","['https://www.thairath.co.th']"
"ห้าม","['https://www.thairath.co.th']"
"ล่วงเกิน","['https://www.thairath.co.th']"
"culture","['https://www.thairath.co.th']"
"more","['https://www.thairath.co.th', 'https://www.blog.datahut.co/post/how-to-build-a-web-crawler-from-scratch']"
"speak","['https://www.thairath.co.th']"
"น่าจะ","['https://www.thairath.co.th']"
"เกิดขึ้น","['https://www.thairath.co.th']"
"money","['https://www.thairath.co.th']"
"แบรนด์","['https://www.thairath.co.th']"
"โต","['https://www.thairath.co.th']"
"ไว","['https://www.thairath.co.th']"
"จาก","['https://www.thairath.co.th']"
"เสียง","['https://www.thairath.co.th']"
"บอกต่อ","['https://www.thairath.co.th']"
"ถอด","['https://www.thairath.co.th']"
"กลยุทธ์","['https://www.thairath.co.th']"
"ugc","['https://www.thairath.co.th']"
"สุกี้","['https://www.thairath.co.th']"
"ตี๋","['https://www.thairath.co.th']"
"น้อย","['https://www.thairath.co.th']"
"spark","['https://www.thairath.co.th']"
"ความรับผิดชอบ","['https://www.thairath.co.th']"
"ต่อ","['https://www.thairath.co.th']"
"ชีวิต","['https://www.thairath.co.th']"
"อับปาง","['https://www.thairath.co.th']"
"ตรวจสอบ","['https://www.thairath.co.th']"
"ขอโทษ","['https://www.thairath.co.th']"
"ลาออก","['https://www.thairath.co.th']"
"แต่งเพลง","['https://www.thairath.co.th']"
"everyday","['https://www.thairath.co.th']"
"life","['https://www.thairath.co.th']"
"รับ","['https://www.thairath.co.th']"
"เริ่มต้น","['https://www.thairath.co.th']"
"ปล่อย","['https://www.thairath.co.th']"
"วัน","['https://www.thairath.co.th']"
"ร้าย","['https://www.thairath.co.th']"
"ๆ","['https://www.thairath.co.th']"
"กลายเป็น","['https://www.thairath.co.th']"
"เพียง","['https://www.thairath.co.th']"
"อดีต","['https://www.thairath.co.th']"
"คุย","['https://www.thairath.co.th']"
"กับ","['https://www.thairath.co.th']"
"ครู","['https://www.thairath.co.th']"
"แอ๋ม","['https://www.thairath.co.th']"
"ศิ","['https://www.thairath.co.th']"
"ริ","['https://www.thairath.co.th']"
"พร","['https://www.thairath.co.th']"
"พรม","['https://www.thairath.co.th']"
"วงศ์","['https://www.thairath.co.th']"
"learn","['https://www.thairath.co.th']"
"earn","['https://www.thairath.co.th']"
"โครงการ","['https://www.thairath.co.th']"
"จูงมือ","['https://www.thairath.co.th']"
"dropout","['https://www.thairath.co.th']"
"กลับ","['https://www.thairath.co.th']"
"การศึกษา","['https://www.thairath.co.th']"
"refresh","['https://www.thairath.co.th']"
"คำทำนาย","['https://www.thairath.co.th']"
"'","['https://www.thairath.co.th']"
"บา","['https://www.thairath.co.th']"
"วาน","['https://www.thairath.co.th']"
"ก้า'","['https://www.thairath.co.th']"
"หมอดู","['https://www.thairath.co.th']"
"ตาบอด","['https://www.thairath.co.th']"
"คนดัง","['https://www.thairath.co.th']"
"ทัก","['https://www.thairath.co.th']"
"ชะตา","['https://www.thairath.co.th']"
"ตั้ง","['https://www.thairath.co.th']"
"มหันตภัย","['https://www.thairath.co.th']"
"โรคติดต่อ","['https://www.thairath.co.th']"
"คุกคาม","['https://www.thairath.co.th']"
"มนุษยชาติ","['https://www.thairath.co.th']"
"ตื่นตัว","['https://www.thairath.co.th']"
"อย่า","['https://www.thairath.co.th']"
"ตื่นตูม","['https://www.thairath.co.th']"
"ที่หนึ่ง","['https://www.thairath.co.th']"
"วิดีโอ","['https://www.thairath.co.th']"
"ล่าสุด","['https://www.thairath.co.th']"
"นาที","['https://www.thairath.co.th']"
"คดี","['https://www.thairath.co.th']"
"ดัง","['https://www.thairath.co.th']"
"talk","['https://www.thairath.co.th']"
"story","['https://www.thairath.co.th']"
"people","['https://www.thairath.co.th']"
"สถานี","['https://www.thairath.co.th']"
"ผี","['https://www.thairath.co.th']"
"ดุ","['https://www.thairath.co.th']"
"พอ","['https://www.thairath.co.th']"
"ด","['https://www.thairath.co.th']"
"แคสต์","['https://www.thairath.co.th']"
"ep","['https://www.thairath.co.th']"
"137","['https://www.thairath.co.th']"
"เก็บ","['https://www.thairath.co.th']"
"คนเลว","['https://www.thairath.co.th']"
"ข้าม","['https://www.thairath.co.th']"
"how","['https://www.thairath.co.th', 'https://www.blog.datahut.co/post/how-to-build-a-web-crawler-from-scratch']"
"to","['https://www.thairath.co.th', 'https://www.blog.datahut.co/post/how-to-build-a-web-crawler-from-scratch']"
"รัก","['https://www.thairath.co.th']"
"เสริม","['https://www.thairath.co.th']"
"ชวน","['https://www.thairath.co.th']"
"มู","['https://www.thairath.co.th']"
"ตรง","['https://www.thairath.co.th']"
"ปก","['https://www.thairath.co.th']"
"ครบ","['https://www.thairath.co.th']"
"ทั้ง","['https://www.thairath.co.th']"
"12","['https://www.thairath.co.th', 'https://www.blog.datahut.co/post/how-to-build-a-web-crawler-from-scratch']"
"ราศี","['https://www.thairath.co.th']"
"รู้","['https://www.thairath.co.th']"
"playlist","['https://www.thairath.co.th']"
"คริสต์มาส","['https://www.thairath.co.th']"
"สื่อ","['https://www.thairath.co.th']"
"ภาพเคลื่อนไหว","['https://www.thairath.co.th']"
"อยาก","['https://www.thairath.co.th']"
"เปิดใจ","['https://www.thairath.co.th']"
"i","['https://www.thairath.co.th']"
"มนุษย์","['https://www.thairath.co.th']"
"หนัง","['https://www.thairath.co.th']"
"podcast","['https://www.thairath.co.th']"
"เติบโต","['https://www.thairath.co.th']"
"ความดื้อ","['https://www.thairath.co.th']"
"แบบ","['https://www.thairath.co.th']"
"น้ำ","['https://www.thairath.co.th']"
"aliz","['https://www.thairath.co.th']"
"sounds","['https://www.thairath.co.th', 'https://www.blog.datahut.co/post/how-to-build-a-web-crawler-from-scratch']"
"good","['https://www.thairath.co.th']"
"อัปเดต","['https://www.thairath.co.th']"
"เบื้องหลัง","['https://www.thairath.co.th']"
"แนวคิด","['https://www.thairath.co.th']"
"indrive","['https://www.thairath.co.th']"
"แอ","['https://www.thairath.co.th']"
"ปฯ","['https://www.thairath.co.th']"
"มอบ","['https://www.thairath.co.th']"
"อิสระ","['https://www.thairath.co.th']"
"ผู้โดยสาร","['https://www.thairath.co.th']"
"ผู้ขับขี่","['https://www.thairath.co.th']"
"การตลาด","['https://www.thairath.co.th']"
"ธุรกิจ","['https://www.thairath.co.th']"
"23","['https://www.thairath.co.th']"
"01","['https://www.thairath.co.th']"
"00","['https://www.thairath.co.th']"
"33","['https://www.thairath.co.th']"
"หมอ","['https://www.thairath.co.th']"
"ช้าง","['https://www.thairath.co.th']"
"ทศพร","['https://www.thairath.co.th']"
"ศรี","['https://www.thairath.co.th']"
"ตุลา","['https://www.thairath.co.th']"
"02","['https://www.thairath.co.th']"
"19","['https://www.thairath.co.th']"
"ปัง","['https://www.thairath.co.th']"
"พลัง","['https://www.thairath.co.th']"
"อาจารย์","['https://www.thairath.co.th']"
"ทำนาย","['https://www.thairath.co.th']"
"ทำ","['https://www.thairath.co.th']"
"ไง","['https://www.thairath.co.th']"
"รวย","['https://www.thairath.co.th']"
"เต็ม","['https://www.thairath.co.th']"
"รา","['https://www.thairath.co.th']"
"เบล","['https://www.thairath.co.th']"
"บทวิเคราะห์","['https://www.thairath.co.th']"
"06","['https://www.thairath.co.th']"
"ปีเถาะ","['https://www.thairath.co.th']"
"เปราะบาง","['https://www.thairath.co.th']"
"ระส่ำ","['https://www.thairath.co.th']"
"30","['https://www.thairath.co.th']"
"เชอ","['https://www.thairath.co.th']"
"ร์","['https://www.thairath.co.th']"
"เป๊ะ","['https://www.thairath.co.th']"
"เว่อร์","['https://www.thairath.co.th']"
"วงการ","['https://www.thairath.co.th']"
"ความหลากหลาย","['https://www.thairath.co.th']"
"คู่รัก","['https://www.thairath.co.th']"
"ซุปตาร์","['https://www.thairath.co.th']"
"ข่าวบันเทิง","['https://www.thairath.co.th']"
"เทศกาล","['https://www.thairath.co.th']"
"วงดนตรี","['https://www.thairath.co.th']"
"นานาชาติ","['https://www.thairath.co.th']"
"เจีย","['https://www.thairath.co.th']"
"อี้","['https://www.thairath.co.th']"
"เมือง","['https://www.thairath.co.th']"
"ดนตรี","['https://www.thairath.co.th']"
"แรงบันดาลใจ","['https://www.thairath.co.th']"
"ไต้หวัน","['https://www.thairath.co.th']"
"48","['https://www.thairath.co.th']"
"สุดยอด","['https://www.thairath.co.th']"
"ผู้บริหาร","['https://www.thairath.co.th']"
"หญิง","['https://www.thairath.co.th']"
"เก่ง","['https://www.thairath.co.th']"
"เผย","['https://www.thairath.co.th']"
"เคล็ดลับ","['https://www.thairath.co.th']"
"การบริหาร","['https://www.thairath.co.th']"
"ขับเคลื่อน","['https://www.thairath.co.th']"
"องค์กร","['https://www.thairath.co.th']"
"ทะยาน","['https://www.thairath.co.th']"
"โลด","['https://www.thairath.co.th']"
"ผู้หญิง","['https://www.thairath.co.th']"
"22","['https://www.thairath.co.th']"
"45","['https://www.thairath.co.th']"
"ข่าว","['https://www.thairath.co.th']"
"ตะลอน","['https://www.thairath.co.th']"
"เที่ยง","['https://www.thairath.co.th']"
"ใส่ไข่","['https://www.thairath.co.th']"
"นิวส์","['https://www.thairath.co.th']"
"โชว์","['https://www.thairath.co.th']"
"รายการ","['https://www.thairath.co.th']"
"ชน","['https://www.thairath.co.th']"
"สนั่น","['https://www.thairath.co.th']"
"รถตู้","['https://www.thairath.co.th']"
"ประสานงาน","['https://www.thairath.co.th']"
"รถกระบะ","['https://www.thairath.co.th']"
"เจ็บ","['https://www.thairath.co.th']"
"ปาก","['https://www.thairath.co.th']"
"ช่อง","['https://www.thairath.co.th']"
"กม.","['https://www.thairath.co.th']"
"กู้ภัย","['https://www.thairath.co.th']"
"มัด","['https://www.thairath.co.th']"
"ติดตัว","['https://www.thairath.co.th']"
"ขี่","['https://www.thairath.co.th']"
"จยย.","['https://www.thairath.co.th']"
"ลง","['https://www.thairath.co.th']"
"เขา","['https://www.thairath.co.th']"
"ส่ง","['https://www.thairath.co.th']"
"ชันสูตร","['https://www.thairath.co.th']"
"ล่า","['https://www.thairath.co.th']"
"เก๋ง","['https://www.thairath.co.th']"
"โหด","['https://www.thairath.co.th']"
"เหยียบ","['https://www.thairath.co.th']"
"ซ้ำ","['https://www.thairath.co.th']"
"หนี","['https://www.thairath.co.th']"
"most","['https://www.thairath.co.th', 'https://www.blog.datahut.co/post/how-to-build-a-web-crawler-from-scratch']"
"watched","['https://www.thairath.co.th']"
"แชร์","['https://www.thairath.co.th']"
"สาว","['https://www.thairath.co.th']"
"สต","['https://www.thairath.co.th']"
"รอง","['https://www.thairath.co.th']"
"ทุก","['https://www.thairath.co.th']"
"เมาท์","['https://www.thairath.co.th']"
"ม.ค.","['https://www.thairath.co.th']"
"ปริศนา","['https://www.thairath.co.th']"
"บ้าน","['https://www.thairath.co.th']"
"เชื่อ","['https://www.thairath.co.th']"
"แม่ตาย","['https://www.thairath.co.th']"
"ตาม","['https://www.thairath.co.th']"
"โดย","['https://www.thairath.co.th']"
"ไ","['https://www.thairath.co.th']"
"l","['https://www.thairath.co.th']"
"ย้อนหลัง","['https://www.thairath.co.th']"
"รวม","['https://www.thairath.co.th']"
"เรื่องราว","['https://www.thairath.co.th']"
"ที่สุด","['https://www.thairath.co.th']"
"2565","['https://www.thairath.co.th']"
"เศรษฐี","['https://www.thairath.co.th']"
"ป้าย","['https://www.thairath.co.th']"
"แดง","['https://www.thairath.co.th']"
"ต้อนรับ","['https://www.thairath.co.th']"
"146","['https://www.thairath.co.th']"
"คริสเตียน","['https://www.thairath.co.th']"
"ลี","['https://www.thairath.co.th']"
"vs","['https://www.thairath.co.th']"
"เคียม","['https://www.thairath.co.th']"
"เรียน","['https://www.thairath.co.th']"
"อับ","['https://www.thairath.co.th']"
"ซอ","['https://www.thairath.co.th']"
"ฟ","['https://www.thairath.co.th']"
"one","['https://www.thairath.co.th', 'https://www.blog.datahut.co/post/how-to-build-a-web-crawler-from-scratch']"
"championship","['https://www.thairath.co.th']"
"weekly","['https://www.thairath.co.th']"
"อ็อก","['https://www.thairath.co.th']"
"เรย์","['https://www.thairath.co.th']"
"ยุ","['https://www.thairath.co.th']"
"น","['https://www.thairath.co.th']"
"โจชัว","['https://www.thairath.co.th']"
"พา","['https://www.thairath.co.th']"
"ซิ","['https://www.thairath.co.th']"
"จาร","['https://www.thairath.co.th']"
"์เร็ด","['https://www.thairath.co.th']"
"บ","['https://www.thairath.co.th']"
"รู","['https://www.thairath.co.th']"
"กส์","['https://www.thairath.co.th']"
"ผล","['https://www.thairath.co.th']"
"สลากกินแบ่งรัฐบาล","['https://www.thairath.co.th']"
"ประจำ","['https://www.thairath.co.th']"
"วันที่","['https://www.thairath.co.th']"
"ธันวาคม","['https://www.thairath.co.th']"
"ตรวจ","['https://www.thairath.co.th']"
"หวย","['https://www.thairath.co.th']"
"รางวัล","['https://www.thairath.co.th']"
"157196","['https://www.thairath.co.th']"
"เลขท้าย","['https://www.thairath.co.th']"
"ตัว","['https://www.thairath.co.th']"
"58","['https://www.thairath.co.th']"
"เลขหน้า","['https://www.thairath.co.th']"
"007","['https://www.thairath.co.th']"
"522","['https://www.thairath.co.th']"
"250","['https://www.thairath.co.th']"
"425","['https://www.thairath.co.th']"
"ข้างเคียง","['https://www.thairath.co.th']"
"157195","['https://www.thairath.co.th']"
"157197","['https://www.thairath.co.th']"
"ราคา","['https://www.thairath.co.th']"
"ทองคำ","['https://www.thairath.co.th']"
"เวลา","['https://www.thairath.co.th']"
"11","['https://www.thairath.co.th']"
"50","['https://www.thairath.co.th']"
"บาท","['https://www.thairath.co.th']"
"แท่ง","['https://www.thairath.co.th']"
"ซื้อ","['https://www.thairath.co.th']"
"ละ","['https://www.thairath.co.th']"
"29,800.00","['https://www.thairath.co.th']"
"ขาย","['https://www.thairath.co.th']"
"29,900.00","['https://www.thairath.co.th']"
"s","['https://www.thairath.co.th', 'https://www.blog.datahut.co/post/how-to-build-a-web-crawler-from-scratch']"
"ูป","['https://www.thairath.co.th']"
"พรรณ","['https://www.thairath.co.th']"
"29,258.80","['https://www.thairath.co.th']"
"30,400.00","['https://www.thairath.co.th']"
"แกลเลอรี่","['https://www.thairath.co.th']"
"ประมวล","['https://www.thairath.co.th']"
"ภาพ","['https://www.thairath.co.th']"
"โครเอเชีย","['https://www.thairath.co.th']"
"ชนะ","['https://www.thairath.co.th']"
"จุดโทษ","['https://www.thairath.co.th']"
"บราซิล","['https://www.thairath.co.th']"
"ฟุตบอล","['https://www.thairath.co.th']"
"2022","['https://www.thairath.co.th', 'https://www.blog.datahut.co/post/how-to-build-a-web-crawler-from-scratch']"
"โบ","['https://www.thairath.co.th']"
"วี่","['https://www.thairath.co.th']"
"อัฐ","['https://www.thairath.co.th']"
"มา","['https://www.thairath.co.th']"
"นักแสดง","['https://www.thairath.co.th']"
"เจ้าเสน่ห์","['https://www.thairath.co.th']"
"ทำเนียบ","['https://www.thairath.co.th']"
"ว่าที่","['https://www.thairath.co.th']"
"เจ้าสาว","['https://www.thairath.co.th']"
"เหล่า","['https://www.thairath.co.th']"
"ต่างชาติ","['https://www.thairath.co.th']"
"ฮาโลวีน","['https://www.thairath.co.th']"
"ประกวด","['https://www.thairath.co.th']"
"คอสตูม","['https://www.thairath.co.th']"
"ข้าวสาร","['https://www.thairath.co.th']"
"ชม","['https://www.thairath.co.th']"
"นก","['https://www.thairath.co.th']"
"นางนวล","['https://www.thairath.co.th']"
"สถาน","['https://www.thairath.co.th']"
"ตากอากาศ","['https://www.thairath.co.th']"
"บาง","['https://www.thairath.co.th']"
"ปู","['https://www.thairath.co.th']"
"ดา","['https://www.thairath.co.th']"
"วิ","['https://www.thairath.co.th']"
"กา","['https://www.thairath.co.th']"
"มาลัย","['https://www.thairath.co.th']"
"แฮปปี้","['https://www.thairath.co.th']"
"นิว","['https://www.thairath.co.th']"
"เยีย","['https://www.thairath.co.th']"
"เที่ยวงาน","['https://www.thairath.co.th']"
"กาชาด","['https://www.thairath.co.th']"
"ความสุข","['https://www.thairath.co.th']"
"กลับบ้าน","['https://www.thairath.co.th']"
"บูม","['https://www.thairath.co.th']"
"พิ้งค์","['https://www.thairath.co.th']"
"พลอย","['https://www.thairath.co.th']"
"ลุ้น","['https://www.thairath.co.th']"
"ระทึก","['https://www.thairath.co.th']"
"ตามหา","['https://www.thairath.co.th']"
"ความลับ","['https://www.thairath.co.th']"
"ที่ซ่อน","['https://www.thairath.co.th']"
"อยู่","['https://www.thairath.co.th']"
"เคหา","['https://www.thairath.co.th']"
"สน","['https://www.thairath.co.th']"
"์","['https://www.thairath.co.th']"
"นาง","['https://www.thairath.co.th']"
"คอย","['https://www.thairath.co.th']"
"ข่าวประชาสัมพันธ์","['https://www.thairath.co.th']"
"build","['https://www.blog.datahut.co/post/how-to-build-a-web-crawler-from-scratch']"
"a","['https://www.blog.datahut.co/post/how-to-build-a-web-crawler-from-scratch']"
"web","['https://www.blog.datahut.co/post/how-to-build-a-web-crawler-from-scratch']"
"crawler","['https://www.blog.datahut.co/post/how-to-build-a-web-crawler-from-scratch']"
"in","['https://www.blog.datahut.co/post/how-to-build-a-web-crawler-from-scratch']"
"python","['https://www.blog.datahut.co/post/how-to-build-a-web-crawler-from-scratch']"
"from","['https://www.blog.datahut.co/post/how-to-build-a-web-crawler-from-scratch']"
"scratch","['https://www.blog.datahut.co/post/how-to-build-a-web-crawler-from-scratch']"
"datahut","['https://www.blog.datahut.co/post/how-to-build-a-web-crawler-from-scratch']"
"top","['https://www.blog.datahut.co/post/how-to-build-a-web-crawler-from-scratch']"
"of","['https://www.blog.datahut.co/post/how-to-build-a-web-crawler-from-scratch']"
"page","['https://www.blog.datahut.co/post/how-to-build-a-web-crawler-from-scratch']"
"our","['https://www.blog.datahut.co/post/how-to-build-a-web-crawler-from-scratch']"
"solutions","['https://www.blog.datahut.co/post/how-to-build-a-web-crawler-from-scratch']"
"process","['https://www.blog.datahut.co/post/how-to-build-a-web-crawler-from-scratch']"
"pricing","['https://www.blog.datahut.co/post/how-to-build-a-web-crawler-from-scratch']"
"blog","['https://www.blog.datahut.co/post/how-to-build-a-web-crawler-from-scratch']"
"use","['https://www.blog.datahut.co/post/how-to-build-a-web-crawler-from-scratch']"
"tab","['https://www.blog.datahut.co/post/how-to-build-a-web-crawler-from-scratch']"
"navigate","['https://www.blog.datahut.co/post/how-to-build-a-web-crawler-from-scratch']"
"through","['https://www.blog.datahut.co/post/how-to-build-a-web-crawler-from-scratch']"
"items","['https://www.blog.datahut.co/post/how-to-build-a-web-crawler-from-scratch']"
"get","['https://www.blog.datahut.co/post/how-to-build-a-web-crawler-from-scratch']"
"free","['https://www.blog.datahut.co/post/how-to-build-a-web-crawler-from-scratch']"
"quote","['https://www.blog.datahut.co/post/how-to-build-a-web-crawler-from-scratch']"
"bhagyeshwari","['https://www.blog.datahut.co/post/how-to-build-a-web-crawler-from-scratch']"
"chauhan","['https://www.blog.datahut.co/post/how-to-build-a-web-crawler-from-scratch']"
"aug","['https://www.blog.datahut.co/post/how-to-build-a-web-crawler-from-scratch']"
"2020","['https://www.blog.datahut.co/post/how-to-build-a-web-crawler-from-scratch']"
"min","['https://www.blog.datahut.co/post/how-to-build-a-web-crawler-from-scratch']"
"read","['https://www.blog.datahut.co/post/how-to-build-a-web-crawler-from-scratch']"
"updated","['https://www.blog.datahut.co/post/how-to-build-a-web-crawler-from-scratch']"
"nov","['https://www.blog.datahut.co/post/how-to-build-a-web-crawler-from-scratch']"
"2021","['https://www.blog.datahut.co/post/how-to-build-a-web-crawler-from-scratch']"
"often","['https://www.blog.datahut.co/post/how-to-build-a-web-crawler-from-scratch']"
"have","['https://www.blog.datahut.co/post/how-to-build-a-web-crawler-from-scratch']"
"you","['https://www.blog.datahut.co/post/how-to-build-a-web-crawler-from-scratch']"
"wanted","['https://www.blog.datahut.co/post/how-to-build-a-web-crawler-from-scratch']"
"piece","['https://www.blog.datahut.co/post/how-to-build-a-web-crawler-from-scratch']"
"information","['https://www.blog.datahut.co/post/how-to-build-a-web-crawler-from-scratch']"
"and","['https://www.blog.datahut.co/post/how-to-build-a-web-crawler-from-scratch']"
"turned","['https://www.blog.datahut.co/post/how-to-build-a-web-crawler-from-scratch']"
"google","['https://www.blog.datahut.co/post/how-to-build-a-web-crawler-from-scratch']"
"for","['https://www.blog.datahut.co/post/how-to-build-a-web-crawler-from-scratch']"
"quick","['https://www.blog.datahut.co/post/how-to-build-a-web-crawler-from-scratch']"
"answer","['https://www.blog.datahut.co/post/how-to-build-a-web-crawler-from-scratch']"
"all","['https://www.blog.datahut.co/post/how-to-build-a-web-crawler-from-scratch']"
"that","['https://www.blog.datahut.co/post/how-to-build-a-web-crawler-from-scratch']"
"we","['https://www.blog.datahut.co/post/how-to-build-a-web-crawler-from-scratch']"
"need","['https://www.blog.datahut.co/post/how-to-build-a-web-crawler-from-scratch']"
"daily","['https://www.blog.datahut.co/post/how-to-build-a-web-crawler-from-scratch']"
"lives","['https://www.blog.datahut.co/post/how-to-build-a-web-crawler-from-scratch']"
"can","['https://www.blog.datahut.co/post/how-to-build-a-web-crawler-from-scratch']"
"be","['https://www.blog.datahut.co/post/how-to-build-a-web-crawler-from-scratch']"
"obtained","['https://www.blog.datahut.co/post/how-to-build-a-web-crawler-from-scratch']"
"internet","['https://www.blog.datahut.co/post/how-to-build-a-web-crawler-from-scratch']"
"this","['https://www.blog.datahut.co/post/how-to-build-a-web-crawler-from-scratch']"
"is","['https://www.blog.datahut.co/post/how-to-build-a-web-crawler-from-scratch']"
"what","['https://www.blog.datahut.co/post/how-to-build-a-web-crawler-from-scratch']"
"makes","['https://www.blog.datahut.co/post/how-to-build-a-web-crawler-from-scratch']"
"data","['https://www.blog.datahut.co/post/how-to-build-a-web-crawler-from-scratch']"
"extraction","['https://www.blog.datahut.co/post/how-to-build-a-web-crawler-from-scratch']"
"powerful","['https://www.blog.datahut.co/post/how-to-build-a-web-crawler-from-scratch']"
"tools","['https://www.blog.datahut.co/post/how-to-build-a-web-crawler-from-scratch']"
"f","['https://www.blog.datahut.co/post/how-to-build-a-web-crawler-from-scratch']"
"or","['https://www.blog.datahut.co/post/how-to-build-a-web-crawler-from-scratch']"
"businesses","['https://www.blog.datahut.co/post/how-to-build-a-web-crawler-from-scratch']"
"scraping","['https://www.blog.datahut.co/post/how-to-build-a-web-crawler-from-scratch']"
"crawling","['https://www.blog.datahut.co/post/how-to-build-a-web-crawler-from-scratch']"
"are","['https://www.blog.datahut.co/post/how-to-build-a-web-crawler-from-scratch']"
"incredibly","['https://www.blog.datahut.co/post/how-to-build-a-web-crawler-from-scratch']"
"effective","['https://www.blog.datahut.co/post/how-to-build-a-web-crawler-from-scratch']"
"capture","['https://www.blog.datahut.co/post/how-to-build-a-web-crawler-from-scratch']"
"specific","['https://www.blog.datahut.co/post/how-to-build-a-web-crawler-from-scratch']"
"website","['https://www.blog.datahut.co/post/how-to-build-a-web-crawler-from-scratch']"
"further","['https://www.blog.datahut.co/post/how-to-build-a-web-crawler-from-scratch']"
"analytics","['https://www.blog.datahut.co/post/how-to-build-a-web-crawler-from-scratch']"
"processing","['https://www.blog.datahut.co/post/how-to-build-a-web-crawler-from-scratch']"
"if","['https://www.blog.datahut.co/post/how-to-build-a-web-crawler-from-scratch']"
"re","['https://www.blog.datahut.co/post/how-to-build-a-web-crawler-from-scratch']"
"newbie","['https://www.blog.datahut.co/post/how-to-build-a-web-crawler-from-scratch']"
"aim","['https://www.blog.datahut.co/post/how-to-build-a-web-crawler-from-scratch']"
"help","['https://www.blog.datahut.co/post/how-to-build-a-web-crawler-from-scratch']"
"your","['https://www.blog.datahut.co/post/how-to-build-a-web-crawler-from-scratch']"
"own","['https://www.blog.datahut.co/post/how-to-build-a-web-crawler-from-scratch']"
"customized","['https://www.blog.datahut.co/post/how-to-build-a-web-crawler-from-scratch']"
"but","['https://www.blog.datahut.co/post/how-to-build-a-web-crawler-from-scratch']"
"first","['https://www.blog.datahut.co/post/how-to-build-a-web-crawler-from-scratch']"
"let","['https://www.blog.datahut.co/post/how-to-build-a-web-crawler-from-scratch']"
"us","['https://www.blog.datahut.co/post/how-to-build-a-web-crawler-from-scratch']"
"cover","['https://www.blog.datahut.co/post/how-to-build-a-web-crawler-from-scratch']"
"basics","['https://www.blog.datahut.co/post/how-to-build-a-web-crawler-from-scratch']"
"scraper","['https://www.blog.datahut.co/post/how-to-build-a-web-crawler-from-scratch']"
"demystifying","['https://www.blog.datahut.co/post/how-to-build-a-web-crawler-from-scratch']"
"terms","['https://www.blog.datahut.co/post/how-to-build-a-web-crawler-from-scratch']"
"systematic","['https://www.blog.datahut.co/post/how-to-build-a-web-crawler-from-scratch']"
"well-defined","['https://www.blog.datahut.co/post/how-to-build-a-web-crawler-from-scratch']"
"extracting","['https://www.blog.datahut.co/post/how-to-build-a-web-crawler-from-scratch']"
"about","['https://www.blog.datahut.co/post/how-to-build-a-web-crawler-from-scratch']"
"topic","['https://www.blog.datahut.co/post/how-to-build-a-web-crawler-from-scratch']"
"instance","['https://www.blog.datahut.co/post/how-to-build-a-web-crawler-from-scratch']"
"extract","['https://www.blog.datahut.co/post/how-to-build-a-web-crawler-from-scratch']"
"prices","['https://www.blog.datahut.co/post/how-to-build-a-web-crawler-from-scratch']"
"products","['https://www.blog.datahut.co/post/how-to-build-a-web-crawler-from-scratch']"
"an","['https://www.blog.datahut.co/post/how-to-build-a-web-crawler-from-scratch']"
"e-commerce","['https://www.blog.datahut.co/post/how-to-build-a-web-crawler-from-scratch']"
"design","['https://www.blog.datahut.co/post/how-to-build-a-web-crawler-from-scratch']"
"custom","['https://www.blog.datahut.co/post/how-to-build-a-web-crawler-from-scratch']"
"pull","['https://www.blog.datahut.co/post/how-to-build-a-web-crawler-from-scratch']"
"correct","['https://www.blog.datahut.co/post/how-to-build-a-web-crawler-from-scratch']"
"source","['https://www.blog.datahut.co/post/how-to-build-a-web-crawler-from-scratch']"
"also","['https://www.blog.datahut.co/post/how-to-build-a-web-crawler-from-scratch']"
"known","['https://www.blog.datahut.co/post/how-to-build-a-web-crawler-from-scratch']"
"as","['https://www.blog.datahut.co/post/how-to-build-a-web-crawler-from-scratch']"
"spider","['https://www.blog.datahut.co/post/how-to-build-a-web-crawler-from-scratch']"
"has","['https://www.blog.datahut.co/post/how-to-build-a-web-crawler-from-scratch']"
"generic","['https://www.blog.datahut.co/post/how-to-build-a-web-crawler-from-scratch']"
"approach","['https://www.blog.datahut.co/post/how-to-build-a-web-crawler-from-scratch']"
"define","['https://www.blog.datahut.co/post/how-to-build-a-web-crawler-from-scratch']"
"bot","['https://www.blog.datahut.co/post/how-to-build-a-web-crawler-from-scratch']"
"systematically","['https://www.blog.datahut.co/post/how-to-build-a-web-crawler-from-scratch']"
"scans","['https://www.blog.datahut.co/post/how-to-build-a-web-crawler-from-scratch']"
"indexing","['https://www.blog.datahut.co/post/how-to-build-a-web-crawler-from-scratch']"
"pulling","['https://www.blog.datahut.co/post/how-to-build-a-web-crawler-from-scratch']"
"content","['https://www.blog.datahut.co/post/how-to-build-a-web-crawler-from-scratch']"
"it","['https://www.blog.datahut.co/post/how-to-build-a-web-crawler-from-scratch']"
"follows","['https://www.blog.datahut.co/post/how-to-build-a-web-crawler-from-scratch']"
"internal","['https://www.blog.datahut.co/post/how-to-build-a-web-crawler-from-scratch']"
"links","['https://www.blog.datahut.co/post/how-to-build-a-web-crawler-from-scratch']"
"on","['https://www.blog.datahut.co/post/how-to-build-a-web-crawler-from-scratch']"
"pages","['https://www.blog.datahut.co/post/how-to-build-a-web-crawler-from-scratch']"
"general","['https://www.blog.datahut.co/post/how-to-build-a-web-crawler-from-scratch']"
"navigates","['https://www.blog.datahut.co/post/how-to-build-a-web-crawler-from-scratch']"
"its","['https://www.blog.datahut.co/post/how-to-build-a-web-crawler-from-scratch']"
"at","['https://www.blog.datahut.co/post/how-to-build-a-web-crawler-from-scratch']"
"times","['https://www.blog.datahut.co/post/how-to-build-a-web-crawler-from-scratch']"
"even","['https://www.blog.datahut.co/post/how-to-build-a-web-crawler-from-scratch']"
"without","['https://www.blog.datahut.co/post/how-to-build-a-web-crawler-from-scratch']"
"clearly","['https://www.blog.datahut.co/post/how-to-build-a-web-crawler-from-scratch']"
"defined","['https://www.blog.datahut.co/post/how-to-build-a-web-crawler-from-scratch']"
"end","['https://www.blog.datahut.co/post/how-to-build-a-web-crawler-from-scratch']"
"goal","['https://www.blog.datahut.co/post/how-to-build-a-web-crawler-from-scratch']"
"hence","['https://www.blog.datahut.co/post/how-to-build-a-web-crawler-from-scratch']"
"like","['https://www.blog.datahut.co/post/how-to-build-a-web-crawler-from-scratch']"
"exploratory","['https://www.blog.datahut.co/post/how-to-build-a-web-crawler-from-scratch']"
"search","['https://www.blog.datahut.co/post/how-to-build-a-web-crawler-from-scratch']"
"engines","['https://www.blog.datahut.co/post/how-to-build-a-web-crawler-from-scratch']"
"such","['https://www.blog.datahut.co/post/how-to-build-a-web-crawler-from-scratch']"
"bing","['https://www.blog.datahut.co/post/how-to-build-a-web-crawler-from-scratch']"
"others","['https://www.blog.datahut.co/post/how-to-build-a-web-crawler-from-scratch']"
"employ","['https://www.blog.datahut.co/post/how-to-build-a-web-crawler-from-scratch']"
"crawlers","['https://www.blog.datahut.co/post/how-to-build-a-web-crawler-from-scratch']"
"url","['https://www.blog.datahut.co/post/how-to-build-a-web-crawler-from-scratch']"
"other","['https://www.blog.datahut.co/post/how-to-build-a-web-crawler-from-scratch']"
"urls","['https://www.blog.datahut.co/post/how-to-build-a-web-crawler-from-scratch']"
"these","['https://www.blog.datahut.co/post/how-to-build-a-web-crawler-from-scratch']"
"purposes","['https://www.blog.datahut.co/post/how-to-build-a-web-crawler-from-scratch']"
"however","['https://www.blog.datahut.co/post/how-to-build-a-web-crawler-from-scratch']"
"important","['https://www.blog.datahut.co/post/how-to-build-a-web-crawler-from-scratch']"
"note","['https://www.blog.datahut.co/post/how-to-build-a-web-crawler-from-scratch']"
"not","['https://www.blog.datahut.co/post/how-to-build-a-web-crawler-from-scratch']"
"mutually","['https://www.blog.datahut.co/post/how-to-build-a-web-crawler-from-scratch']"
"exclusive","['https://www.blog.datahut.co/post/how-to-build-a-web-crawler-from-scratch']"
"activities","['https://www.blog.datahut.co/post/how-to-build-a-web-crawler-from-scratch']"
"while","['https://www.blog.datahut.co/post/how-to-build-a-web-crawler-from-scratch']"
"creates","['https://www.blog.datahut.co/post/how-to-build-a-web-crawler-from-scratch']"
"copy","['https://www.blog.datahut.co/post/how-to-build-a-web-crawler-from-scratch']"
"extracts","['https://www.blog.datahut.co/post/how-to-build-a-web-crawler-from-scratch']"
"analysis","['https://www.blog.datahut.co/post/how-to-build-a-web-crawler-from-scratch']"
"create","['https://www.blog.datahut.co/post/how-to-build-a-web-crawler-from-scratch']"
"something","['https://www.blog.datahut.co/post/how-to-build-a-web-crawler-from-scratch']"
"new","['https://www.blog.datahut.co/post/how-to-build-a-web-crawler-from-scratch']"
"order","['https://www.blog.datahut.co/post/how-to-build-a-web-crawler-from-scratch']"
"scrape","['https://www.blog.datahut.co/post/how-to-build-a-web-crawler-from-scratch']"
"would","['https://www.blog.datahut.co/post/how-to-build-a-web-crawler-from-scratch']"
"conduct","['https://www.blog.datahut.co/post/how-to-build-a-web-crawler-from-scratch']"
"some","['https://www.blog.datahut.co/post/how-to-build-a-web-crawler-from-scratch']"
"sort","['https://www.blog.datahut.co/post/how-to-build-a-web-crawler-from-scratch']"
"index","['https://www.blog.datahut.co/post/how-to-build-a-web-crawler-from-scratch']"
"find","['https://www.blog.datahut.co/post/how-to-build-a-web-crawler-from-scratch']"
"hand","['https://www.blog.datahut.co/post/how-to-build-a-web-crawler-from-scratch']"
"involves","['https://www.blog.datahut.co/post/how-to-build-a-web-crawler-from-scratch']"
"certain","['https://www.blog.datahut.co/post/how-to-build-a-web-crawler-from-scratch']"
"degree","['https://www.blog.datahut.co/post/how-to-build-a-web-crawler-from-scratch']"
"saving","['https://www.blog.datahut.co/post/how-to-build-a-web-crawler-from-scratch']"
"keywords","['https://www.blog.datahut.co/post/how-to-build-a-web-crawler-from-scratch']"
"images","['https://www.blog.datahut.co/post/how-to-build-a-web-crawler-from-scratch']"
"popular","['https://www.blog.datahut.co/post/how-to-build-a-web-crawler-from-scratch']"
"price","['https://www.blog.datahut.co/post/how-to-build-a-web-crawler-from-scratch']"
"comparison","['https://www.blog.datahut.co/post/how-to-build-a-web-crawler-from-scratch']"
"websites","['https://www.blog.datahut.co/post/how-to-build-a-web-crawler-from-scratch']"
"grab","['https://www.blog.datahut.co/post/how-to-build-a-web-crawler-from-scratch']"
"types","['https://www.blog.datahut.co/post/how-to-build-a-web-crawler-from-scratch']"
"nothing","['https://www.blog.datahut.co/post/how-to-build-a-web-crawler-from-scratch']"
"few","['https://www.blog.datahut.co/post/how-to-build-a-web-crawler-from-scratch']"
"lines","['https://www.blog.datahut.co/post/how-to-build-a-web-crawler-from-scratch']"
"code","['https://www.blog.datahut.co/post/how-to-build-a-web-crawler-from-scratch']"
"program","['https://www.blog.datahut.co/post/how-to-build-a-web-crawler-from-scratch']"
"works","['https://www.blog.datahut.co/post/how-to-build-a-web-crawler-from-scratch']"
"task","['https://www.blog.datahut.co/post/how-to-build-a-web-crawler-from-scratch']"
"contents","['https://www.blog.datahut.co/post/how-to-build-a-web-crawler-from-scratch']"
"now","['https://www.blog.datahut.co/post/how-to-build-a-web-crawler-from-scratch']"
"know","['https://www.blog.datahut.co/post/how-to-build-a-web-crawler-from-scratch']"
"made","['https://www.blog.datahut.co/post/how-to-build-a-web-crawler-from-scratch']"
"described","['https://www.blog.datahut.co/post/how-to-build-a-web-crawler-from-scratch']"
"using","['https://www.blog.datahut.co/post/how-to-build-a-web-crawler-from-scratch']"
"html","['https://www.blog.datahut.co/post/how-to-build-a-web-crawler-from-scratch']"
"structures","['https://www.blog.datahut.co/post/how-to-build-a-web-crawler-from-scratch']"
"thus","['https://www.blog.datahut.co/post/how-to-build-a-web-crawler-from-scratch']"
"specify","['https://www.blog.datahut.co/post/how-to-build-a-web-crawler-from-scratch']"
"category","['https://www.blog.datahut.co/post/how-to-build-a-web-crawler-from-scratch']"
"particular","['https://www.blog.datahut.co/post/how-to-build-a-web-crawler-from-scratch']"
"tag","['https://www.blog.datahut.co/post/how-to-build-a-web-crawler-from-scratch']"
"look","['https://www.blog.datahut.co/post/how-to-build-a-web-crawler-from-scratch']"
"attribute","['https://www.blog.datahut.co/post/how-to-build-a-web-crawler-from-scratch']"
"scan","['https://www.blog.datahut.co/post/how-to-build-a-web-crawler-from-scratch']"
"pieces","['https://www.blog.datahut.co/post/how-to-build-a-web-crawler-from-scratch']"
"matching","['https://www.blog.datahut.co/post/how-to-build-a-web-crawler-from-scratch']"
"write","['https://www.blog.datahut.co/post/how-to-build-a-web-crawler-from-scratch']"
"any","['https://www.blog.datahut.co/post/how-to-build-a-web-crawler-from-scratch']"
"computer","['https://www.blog.datahut.co/post/how-to-build-a-web-crawler-from-scratch']"
"language","['https://www.blog.datahut.co/post/how-to-build-a-web-crawler-from-scratch']"
"automatically","['https://www.blog.datahut.co/post/how-to-build-a-web-crawler-from-scratch']"
"customize","['https://www.blog.datahut.co/post/how-to-build-a-web-crawler-from-scratch']"
"same","['https://www.blog.datahut.co/post/how-to-build-a-web-crawler-from-scratch']"
"multiple","['https://www.blog.datahut.co/post/how-to-build-a-web-crawler-from-scratch']"
"allow","['https://www.blog.datahut.co/post/how-to-build-a-web-crawler-from-scratch']"
"just","['https://www.blog.datahut.co/post/how-to-build-a-web-crawler-from-scratch']"
"adhere","['https://www.blog.datahut.co/post/how-to-build-a-web-crawler-from-scratch']"
"legality","['https://www.blog.datahut.co/post/how-to-build-a-web-crawler-from-scratch']"
"there","['https://www.blog.datahut.co/post/how-to-build-a-web-crawler-from-scratch']"
"categories","['https://www.blog.datahut.co/post/how-to-build-a-web-crawler-from-scratch']"
"by","['https://www.blog.datahut.co/post/how-to-build-a-web-crawler-from-scratch']"
"application","['https://www.blog.datahut.co/post/how-to-build-a-web-crawler-from-scratch']"
"scenarios","['https://www.blog.datahut.co/post/how-to-build-a-web-crawler-from-scratch']"
"go","['https://www.blog.datahut.co/post/how-to-build-a-web-crawler-from-scratch']"
"each","['https://www.blog.datahut.co/post/how-to-build-a-web-crawler-from-scratch']"
"them","['https://www.blog.datahut.co/post/how-to-build-a-web-crawler-from-scratch']"
"detail","['https://www.blog.datahut.co/post/how-to-build-a-web-crawler-from-scratch']"
"general-purpose","['https://www.blog.datahut.co/post/how-to-build-a-web-crawler-from-scratch']"
"name","['https://www.blog.datahut.co/post/how-to-build-a-web-crawler-from-scratch']"
"suggests","['https://www.blog.datahut.co/post/how-to-build-a-web-crawler-from-scratch']"
"gathers","['https://www.blog.datahut.co/post/how-to-build-a-web-crawler-from-scratch']"
"many","['https://www.blog.datahut.co/post/how-to-build-a-web-crawler-from-scratch']"
"set","['https://www.blog.datahut.co/post/how-to-build-a-web-crawler-from-scratch']"
"crawl","['https://www.blog.datahut.co/post/how-to-build-a-web-crawler-from-scratch']"
"large-scale","['https://www.blog.datahut.co/post/how-to-build-a-web-crawler-from-scratch']"
"require","['https://www.blog.datahut.co/post/how-to-build-a-web-crawler-from-scratch']"
"high","['https://www.blog.datahut.co/post/how-to-build-a-web-crawler-from-scratch']"
"speed","['https://www.blog.datahut.co/post/how-to-build-a-web-crawler-from-scratch']"
"large","['https://www.blog.datahut.co/post/how-to-build-a-web-crawler-from-scratch']"
"storage","['https://www.blog.datahut.co/post/how-to-build-a-web-crawler-from-scratch']"
"space","['https://www.blog.datahut.co/post/how-to-build-a-web-crawler-from-scratch']"
"required","['https://www.blog.datahut.co/post/how-to-build-a-web-crawler-from-scratch']"
"running","['https://www.blog.datahut.co/post/how-to-build-a-web-crawler-from-scratch']"
"primarily","['https://www.blog.datahut.co/post/how-to-build-a-web-crawler-from-scratch']"
"built","['https://www.blog.datahut.co/post/how-to-build-a-web-crawler-from-scratch']"
"massive","['https://www.blog.datahut.co/post/how-to-build-a-web-crawler-from-scratch']"
"service","['https://www.blog.datahut.co/post/how-to-build-a-web-crawler-from-scratch']"
"providers","['https://www.blog.datahut.co/post/how-to-build-a-web-crawler-from-scratch']"
"focused","['https://www.blog.datahut.co/post/how-to-build-a-web-crawler-from-scratch']"
"characterized","['https://www.blog.datahut.co/post/how-to-build-a-web-crawler-from-scratch']"
"criterion","['https://www.blog.datahut.co/post/how-to-build-a-web-crawler-from-scratch']"
"selectively","['https://www.blog.datahut.co/post/how-to-build-a-web-crawler-from-scratch']"
"crawls","['https://www.blog.datahut.co/post/how-to-build-a-web-crawler-from-scratch']"
"related","['https://www.blog.datahut.co/post/how-to-build-a-web-crawler-from-scratch']"
"pre-defined","['https://www.blog.datahut.co/post/how-to-build-a-web-crawler-from-scratch']"
"topics","['https://www.blog.datahut.co/post/how-to-build-a-web-crawler-from-scratch']"
"site","['https://www.blog.datahut.co/post/how-to-build-a-web-crawler-from-scratch']"
"only","['https://www.blog.datahut.co/post/how-to-build-a-web-crawler-from-scratch']"
"needs","['https://www.blog.datahut.co/post/how-to-build-a-web-crawler-from-scratch']"
"product","['https://www.blog.datahut.co/post/how-to-build-a-web-crawler-from-scratch']"
"run","['https://www.blog.datahut.co/post/how-to-build-a-web-crawler-from-scratch']"
"with","['https://www.blog.datahut.co/post/how-to-build-a-web-crawler-from-scratch']"
"smaller","['https://www.blog.datahut.co/post/how-to-build-a-web-crawler-from-scratch']"
"slower","['https://www.blog.datahut.co/post/how-to-build-a-web-crawler-from-scratch']"
"yahoo","['https://www.blog.datahut.co/post/how-to-build-a-web-crawler-from-scratch']"
"baidu","['https://www.blog.datahut.co/post/how-to-build-a-web-crawler-from-scratch']"
"kind","['https://www.blog.datahut.co/post/how-to-build-a-web-crawler-from-scratch']"
"incremental","['https://www.blog.datahut.co/post/how-to-build-a-web-crawler-from-scratch']"
"imagine","['https://www.blog.datahut.co/post/how-to-build-a-web-crawler-from-scratch']"
"been","['https://www.blog.datahut.co/post/how-to-build-a-web-crawler-from-scratch']"
"regularly","['https://www.blog.datahut.co/post/how-to-build-a-web-crawler-from-scratch']"
"want","['https://www.blog.datahut.co/post/how-to-build-a-web-crawler-from-scratch']"
"update","['https://www.blog.datahut.co/post/how-to-build-a-web-crawler-from-scratch']"
"existing","['https://www.blog.datahut.co/post/how-to-build-a-web-crawler-from-scratch']"
"repository","['https://www.blog.datahut.co/post/how-to-build-a-web-crawler-from-scratch']"
"newly","['https://www.blog.datahut.co/post/how-to-build-a-web-crawler-from-scratch']"
"entire","['https://www.blog.datahut.co/post/how-to-build-a-web-crawler-from-scratch']"
"every","['https://www.blog.datahut.co/post/how-to-build-a-web-crawler-from-scratch']"
"time","['https://www.blog.datahut.co/post/how-to-build-a-web-crawler-from-scratch']"
"unwanted","['https://www.blog.datahut.co/post/how-to-build-a-web-crawler-from-scratch']"
"extra","['https://www.blog.datahut.co/post/how-to-build-a-web-crawler-from-scratch']"
"cost","['https://www.blog.datahut.co/post/how-to-build-a-web-crawler-from-scratch']"
"computation","['https://www.blog.datahut.co/post/how-to-build-a-web-crawler-from-scratch']"
"memory","['https://www.blog.datahut.co/post/how-to-build-a-web-crawler-from-scratch']"
"machine","['https://www.blog.datahut.co/post/how-to-build-a-web-crawler-from-scratch']"
"alternative","['https://www.blog.datahut.co/post/how-to-build-a-web-crawler-from-scratch']"
"generated","['https://www.blog.datahut.co/post/how-to-build-a-web-crawler-from-scratch']"
"they","['https://www.blog.datahut.co/post/how-to-build-a-web-crawler-from-scratch']"
"do","['https://www.blog.datahut.co/post/how-to-build-a-web-crawler-from-scratch']"
"re-download","['https://www.blog.datahut.co/post/how-to-build-a-web-crawler-from-scratch']"
"changed","['https://www.blog.datahut.co/post/how-to-build-a-web-crawler-from-scratch']"
"previously","['https://www.blog.datahut.co/post/how-to-build-a-web-crawler-from-scratch']"
"crawled","['https://www.blog.datahut.co/post/how-to-build-a-web-crawler-from-scratch']"
"effectively","['https://www.blog.datahut.co/post/how-to-build-a-web-crawler-from-scratch']"
"save","['https://www.blog.datahut.co/post/how-to-build-a-web-crawler-from-scratch']"
"deep","['https://www.blog.datahut.co/post/how-to-build-a-web-crawler-from-scratch']"
"divided","['https://www.blog.datahut.co/post/how-to-build-a-web-crawler-from-scratch']"
"into","['https://www.blog.datahut.co/post/how-to-build-a-web-crawler-from-scratch']"
"surface","['https://www.blog.datahut.co/post/how-to-build-a-web-crawler-from-scratch']"
"called","['https://www.blog.datahut.co/post/how-to-build-a-web-crawler-from-scratch']"
"invisible","['https://www.blog.datahut.co/post/how-to-build-a-web-crawler-from-scratch']"
"hidden","['https://www.blog.datahut.co/post/how-to-build-a-web-crawler-from-scratch']"
"traditional","['https://www.blog.datahut.co/post/how-to-build-a-web-crawler-from-scratch']"
"engine","['https://www.blog.datahut.co/post/how-to-build-a-web-crawler-from-scratch']"
"basically","['https://www.blog.datahut.co/post/how-to-build-a-web-crawler-from-scratch']"
"static","['https://www.blog.datahut.co/post/how-to-build-a-web-crawler-from-scratch']"
"reached","['https://www.blog.datahut.co/post/how-to-build-a-web-crawler-from-scratch']"
"hyperlink","['https://www.blog.datahut.co/post/how-to-build-a-web-crawler-from-scratch']"
"contain","['https://www.blog.datahut.co/post/how-to-build-a-web-crawler-from-scratch']"
"cannot","['https://www.blog.datahut.co/post/how-to-build-a-web-crawler-from-scratch']"
"behind","['https://www.blog.datahut.co/post/how-to-build-a-web-crawler-from-scratch']"
"form","['https://www.blog.datahut.co/post/how-to-build-a-web-crawler-from-scratch']"
"words","['https://www.blog.datahut.co/post/how-to-build-a-web-crawler-from-scratch']"
"simply","['https://www.blog.datahut.co/post/how-to-build-a-web-crawler-from-scratch']"
"users","['https://www.blog.datahut.co/post/how-to-build-a-web-crawler-from-scratch']"
"see","['https://www.blog.datahut.co/post/how-to-build-a-web-crawler-from-scratch']"
"submitting","['https://www.blog.datahut.co/post/how-to-build-a-web-crawler-from-scratch']"
"visible","['https://www.blog.datahut.co/post/how-to-build-a-web-crawler-from-scratch']"
"after","['https://www.blog.datahut.co/post/how-to-build-a-web-crawler-from-scratch']"
"registered","['https://www.blog.datahut.co/post/how-to-build-a-web-crawler-from-scratch']"
"helps","['https://www.blog.datahut.co/post/how-to-build-a-web-crawler-from-scratch']"
"nasdaq","['https://www.blog.datahut.co/post/how-to-build-a-web-crawler-from-scratch']"
"news","['https://www.blog.datahut.co/post/how-to-build-a-web-crawler-from-scratch']"
"when","['https://www.blog.datahut.co/post/how-to-build-a-web-crawler-from-scratch']"
"above","['https://www.blog.datahut.co/post/how-to-build-a-web-crawler-from-scratch']"
"sections","['https://www.blog.datahut.co/post/how-to-build-a-web-crawler-from-scratch']"
"infer","['https://www.blog.datahut.co/post/how-to-build-a-web-crawler-from-scratch']"
"imitate","['https://www.blog.datahut.co/post/how-to-build-a-web-crawler-from-scratch']"
"human","['https://www.blog.datahut.co/post/how-to-build-a-web-crawler-from-scratch']"
"actions","['https://www.blog.datahut.co/post/how-to-build-a-web-crawler-from-scratch']"
"possible","['https://www.blog.datahut.co/post/how-to-build-a-web-crawler-from-scratch']"
"might","['https://www.blog.datahut.co/post/how-to-build-a-web-crawler-from-scratch']"
"two","['https://www.blog.datahut.co/post/how-to-build-a-web-crawler-from-scratch']"
"replicating","['https://www.blog.datahut.co/post/how-to-build-a-web-crawler-from-scratch']"
"action","['https://www.blog.datahut.co/post/how-to-build-a-web-crawler-from-scratch']"
"engine-","['https://www.blog.datahut.co/post/how-to-build-a-web-crawler-from-scratch']"
"function","['https://www.blog.datahut.co/post/how-to-build-a-web-crawler-from-scratch']"
"portal","['https://www.blog.datahut.co/post/how-to-build-a-web-crawler-from-scratch']"
"their","['https://www.blog.datahut.co/post/how-to-build-a-web-crawler-from-scratch']"
"underlying","['https://www.blog.datahut.co/post/how-to-build-a-web-crawler-from-scratch']"
"operations","['https://www.blog.datahut.co/post/how-to-build-a-web-crawler-from-scratch']"
"locate","['https://www.blog.datahut.co/post/how-to-build-a-web-crawler-from-scratch']"
"relevant","['https://www.blog.datahut.co/post/how-to-build-a-web-crawler-from-scratch']"
"searched","['https://www.blog.datahut.co/post/how-to-build-a-web-crawler-from-scratch']"
"here","['https://www.blog.datahut.co/post/how-to-build-a-web-crawler-from-scratch']"
"visits","['https://www.blog.datahut.co/post/how-to-build-a-web-crawler-from-scratch']"
"reads","['https://www.blog.datahut.co/post/how-to-build-a-web-crawler-from-scratch']"
"entries","['https://www.blog.datahut.co/post/how-to-build-a-web-crawler-from-scratch']"
"post","['https://www.blog.datahut.co/post/how-to-build-a-web-crawler-from-scratch']"
"replicate","['https://www.blog.datahut.co/post/how-to-build-a-web-crawler-from-scratch']"
"case","['https://www.blog.datahut.co/post/how-to-build-a-web-crawler-from-scratch']"
"provide","['https://www.blog.datahut.co/post/how-to-build-a-web-crawler-from-scratch']"
"valid","['https://www.blog.datahut.co/post/how-to-build-a-web-crawler-from-scratch']"
"visited","['https://www.blog.datahut.co/post/how-to-build-a-web-crawler-from-scratch']"
"aggregating","['https://www.blog.datahut.co/post/how-to-build-a-web-crawler-from-scratch']"
"actions-","['https://www.blog.datahut.co/post/how-to-build-a-web-crawler-from-scratch']"
"monitoring","['https://www.blog.datahut.co/post/how-to-build-a-web-crawler-from-scratch']"
"then","['https://www.blog.datahut.co/post/how-to-build-a-web-crawler-from-scratch']"
"aggregate","['https://www.blog.datahut.co/post/how-to-build-a-web-crawler-from-scratch']"
"datasets","['https://www.blog.datahut.co/post/how-to-build-a-web-crawler-from-scratch']"
"research","['https://www.blog.datahut.co/post/how-to-build-a-web-crawler-from-scratch']"
"business","['https://www.blog.datahut.co/post/how-to-build-a-web-crawler-from-scratch']"
"operational","['https://www.blog.datahut.co/post/how-to-build-a-web-crawler-from-scratch']"
"obvious","['https://www.blog.datahut.co/post/how-to-build-a-web-crawler-from-scratch']"
"use-cases","['https://www.blog.datahut.co/post/how-to-build-a-web-crawler-from-scratch']"
"collect","['https://www.blog.datahut.co/post/how-to-build-a-web-crawler-from-scratch']"
"customers","['https://www.blog.datahut.co/post/how-to-build-a-web-crawler-from-scratch']"
"marketing","['https://www.blog.datahut.co/post/how-to-build-a-web-crawler-from-scratch']"
"campaigns","['https://www.blog.datahut.co/post/how-to-build-a-web-crawler-from-scratch']"
"make","['https://www.blog.datahut.co/post/how-to-build-a-web-crawler-from-scratch']"
"decisions","['https://www.blog.datahut.co/post/how-to-build-a-web-crawler-from-scratch']"
"subject","['https://www.blog.datahut.co/post/how-to-build-a-web-crawler-from-scratch']"
"academic","['https://www.blog.datahut.co/post/how-to-build-a-web-crawler-from-scratch']"
"study","['https://www.blog.datahut.co/post/how-to-build-a-web-crawler-from-scratch']"
"macro-economic","['https://www.blog.datahut.co/post/how-to-build-a-web-crawler-from-scratch']"
"factors","['https://www.blog.datahut.co/post/how-to-build-a-web-crawler-from-scratch']"
"market","['https://www.blog.datahut.co/post/how-to-build-a-web-crawler-from-scratch']"
"trends","['https://www.blog.datahut.co/post/how-to-build-a-web-crawler-from-scratch']"
"company","['https://www.blog.datahut.co/post/how-to-build-a-web-crawler-from-scratch']"
"real-time","['https://www.blog.datahut.co/post/how-to-build-a-web-crawler-from-scratch']"
"changes","['https://www.blog.datahut.co/post/how-to-build-a-web-crawler-from-scratch']"
"competitor","['https://www.blog.datahut.co/post/how-to-build-a-web-crawler-from-scratch']"
"lot","['https://www.blog.datahut.co/post/how-to-build-a-web-crawler-from-scratch']"
"open-source","['https://www.blog.datahut.co/post/how-to-build-a-web-crawler-from-scratch']"
"paid","['https://www.blog.datahut.co/post/how-to-build-a-web-crawler-from-scratch']"
"subscriptions","['https://www.blog.datahut.co/post/how-to-build-a-web-crawler-from-scratch']"
"competitive","['https://www.blog.datahut.co/post/how-to-build-a-web-crawler-from-scratch']"
"programming","['https://www.blog.datahut.co/post/how-to-build-a-web-crawler-from-scratch']"
"widely","['https://www.blog.datahut.co/post/how-to-build-a-web-crawler-from-scratch']"
"used","['https://www.blog.datahut.co/post/how-to-build-a-web-crawler-from-scratch']"
"examples","['https://www.blog.datahut.co/post/how-to-build-a-web-crawler-from-scratch']"
"building","['https://www.blog.datahut.co/post/how-to-build-a-web-crawler-from-scratch']"
"computationally","['https://www.blog.datahut.co/post/how-to-build-a-web-crawler-from-scratch']"
"efficient","['https://www.blog.datahut.co/post/how-to-build-a-web-crawler-from-scratch']"
"employed","['https://www.blog.datahut.co/post/how-to-build-a-web-crawler-from-scratch']"
"scrapers","['https://www.blog.datahut.co/post/how-to-build-a-web-crawler-from-scratch']"
"library","['https://www.blog.datahut.co/post/how-to-build-a-web-crawler-from-scratch']"
"commonly","['https://www.blog.datahut.co/post/how-to-build-a-web-crawler-from-scratch']"
"perform","['https://www.blog.datahut.co/post/how-to-build-a-web-crawler-from-scratch']"
"scrapy","['https://www.blog.datahut.co/post/how-to-build-a-web-crawler-from-scratch']"
"package","['https://www.blog.datahut.co/post/how-to-build-a-web-crawler-from-scratch']"
"basic","['https://www.blog.datahut.co/post/how-to-build-a-web-crawler-from-scratch']"
"import","['https://www.blog.datahut.co/post/how-to-build-a-web-crawler-from-scratch']"
"class","['https://www.blog.datahut.co/post/how-to-build-a-web-crawler-from-scratch']"
"wikipedia","['https://www.blog.datahut.co/post/how-to-build-a-web-crawler-from-scratch']"
"start","['https://www.blog.datahut.co/post/how-to-build-a-web-crawler-from-scratch']"
"https","['https://www.blog.datahut.co/post/how-to-build-a-web-crawler-from-scratch']"
"en","['https://www.blog.datahut.co/post/how-to-build-a-web-crawler-from-scratch']"
"org","['https://www.blog.datahut.co/post/how-to-build-a-web-crawler-from-scratch']"
"wiki","['https://www.blog.datahut.co/post/how-to-build-a-web-crawler-from-scratch']"
"battery","['https://www.blog.datahut.co/post/how-to-build-a-web-crawler-from-scratch']"
"electricity","['https://www.blog.datahut.co/post/how-to-build-a-web-crawler-from-scratch']"
"def","['https://www.blog.datahut.co/post/how-to-build-a-web-crawler-from-scratch']"
"parse","['https://www.blog.datahut.co/post/how-to-build-a-web-crawler-from-scratch']"
"self","['https://www.blog.datahut.co/post/how-to-build-a-web-crawler-from-scratch']"
"response","['https://www.blog.datahut.co/post/how-to-build-a-web-crawler-from-scratch']"
"pass","['https://www.blog.datahut.co/post/how-to-build-a-web-crawler-from-scratch']"
"consists","['https://www.blog.datahut.co/post/how-to-build-a-web-crawler-from-scratch']"
"following","['https://www.blog.datahut.co/post/how-to-build-a-web-crawler-from-scratch']"
"components","['https://www.blog.datahut.co/post/how-to-build-a-web-crawler-from-scratch']"
"identifying","['https://www.blog.datahut.co/post/how-to-build-a-web-crawler-from-scratch']"
"example","['https://www.blog.datahut.co/post/how-to-build-a-web-crawler-from-scratch']"
"variable","['https://www.blog.datahut.co/post/how-to-build-a-web-crawler-from-scratch']"
"containing","['https://www.blog.datahut.co/post/how-to-build-a-web-crawler-from-scratch']"
"list","['https://www.blog.datahut.co/post/how-to-build-a-web-crawler-from-scratch']"
"begin","['https://www.blog.datahut.co/post/how-to-build-a-web-crawler-from-scratch']"
"specifying","['https://www.blog.datahut.co/post/how-to-build-a-web-crawler-from-scratch']"
"clustering","['https://www.blog.datahut.co/post/how-to-build-a-web-crawler-from-scratch']"
"algorithms","['https://www.blog.datahut.co/post/how-to-build-a-web-crawler-from-scratch']"
"method","['https://www.blog.datahut.co/post/how-to-build-a-web-crawler-from-scratch']"
"which","['https://www.blog.datahut.co/post/how-to-build-a-web-crawler-from-scratch']"
"will","['https://www.blog.datahut.co/post/how-to-build-a-web-crawler-from-scratch']"
"webpage","['https://www.blog.datahut.co/post/how-to-build-a-web-crawler-from-scratch']"
"necessary","['https://www.blog.datahut.co/post/how-to-build-a-web-crawler-from-scratch']"
"simple","['https://www.blog.datahut.co/post/how-to-build-a-web-crawler-from-scratch']"
"command","['https://www.blog.datahut.co/post/how-to-build-a-web-crawler-from-scratch']"
"runspider","['https://www.blog.datahut.co/post/how-to-build-a-web-crawler-from-scratch']"
"py","['https://www.blog.datahut.co/post/how-to-build-a-web-crawler-from-scratch']"
"output","['https://www.blog.datahut.co/post/how-to-build-a-web-crawler-from-scratch']"
"looks","['https://www.blog.datahut.co/post/how-to-build-a-web-crawler-from-scratch']"
"contains","['https://www.blog.datahut.co/post/how-to-build-a-web-crawler-from-scratch']"
"text","['https://www.blog.datahut.co/post/how-to-build-a-web-crawler-from-scratch']"
"wrapped","['https://www.blog.datahut.co/post/how-to-build-a-web-crawler-from-scratch']"
"format","['https://www.blog.datahut.co/post/how-to-build-a-web-crawler-from-scratch']"
"requests","['https://www.blog.datahut.co/post/how-to-build-a-web-crawler-from-scratch']"
"bs","['https://www.blog.datahut.co/post/how-to-build-a-web-crawler-from-scratch']"
"beautifulsoup","['https://www.blog.datahut.co/post/how-to-build-a-web-crawler-from-scratch']"
"weburl","['https://www.blog.datahut.co/post/how-to-build-a-web-crawler-from-scratch']"
"0","['https://www.blog.datahut.co/post/how-to-build-a-web-crawler-from-scratch']"
"plain","['https://www.blog.datahut.co/post/how-to-build-a-web-crawler-from-scratch']"
"parser","['https://www.blog.datahut.co/post/how-to-build-a-web-crawler-from-scratch']"
"link","['https://www.blog.datahut.co/post/how-to-build-a-web-crawler-from-scratch']"
"findall","['https://www.blog.datahut.co/post/how-to-build-a-web-crawler-from-scratch']"
"access","['https://www.blog.datahut.co/post/how-to-build-a-web-crawler-from-scratch']"
"tet","['https://www.blog.datahut.co/post/how-to-build-a-web-crawler-from-scratch']"
"title","['https://www.blog.datahut.co/post/how-to-build-a-web-crawler-from-scratch']"
"print","['https://www.blog.datahut.co/post/how-to-build-a-web-crawler-from-scratch']"
"href","['https://www.blog.datahut.co/post/how-to-build-a-web-crawler-from-scratch']"
"www","['https://www.blog.datahut.co/post/how-to-build-a-web-crawler-from-scratch']"
"amazon","['https://www.blog.datahut.co/post/how-to-build-a-web-crawler-from-scratch']"
"mobile","['https://www.blog.datahut.co/post/how-to-build-a-web-crawler-from-scratch']"
"phones","['https://www.blog.datahut.co/post/how-to-build-a-web-crawler-from-scratch']"
"b","['https://www.blog.datahut.co/post/how-to-build-a-web-crawler-from-scratch']"
"ie","['https://www.blog.datahut.co/post/how-to-build-a-web-crawler-from-scratch']"
"utf","['https://www.blog.datahut.co/post/how-to-build-a-web-crawler-from-scratch']"
"node","['https://www.blog.datahut.co/post/how-to-build-a-web-crawler-from-scratch']"
"1389401031","['https://www.blog.datahut.co/post/how-to-build-a-web-crawler-from-scratch']"
"ref","['https://www.blog.datahut.co/post/how-to-build-a-web-crawler-from-scratch']"
"nav","['https://www.blog.datahut.co/post/how-to-build-a-web-crawler-from-scratch']"
"shopall","['https://www.blog.datahut.co/post/how-to-build-a-web-crawler-from-scratch']"
"sbc","['https://www.blog.datahut.co/post/how-to-build-a-web-crawler-from-scratch']"
"mobcomp","['https://www.blog.datahut.co/post/how-to-build-a-web-crawler-from-scratch']"
"mobiles","['https://www.blog.datahut.co/post/how-to-build-a-web-crawler-from-scratch']"
"snippet","['https://www.blog.datahut.co/post/how-to-build-a-web-crawler-from-scratch']"
"gives","['https://www.blog.datahut.co/post/how-to-build-a-web-crawler-from-scratch']"
"shows","['https://www.blog.datahut.co/post/how-to-build-a-web-crawler-from-scratch']"
"names","['https://www.blog.datahut.co/post/how-to-build-a-web-crawler-from-scratch']"
"respective","['https://www.blog.datahut.co/post/how-to-build-a-web-crawler-from-scratch']"
"enlisted","['https://www.blog.datahut.co/post/how-to-build-a-web-crawler-from-scratch']"
"pulled","['https://www.blog.datahut.co/post/how-to-build-a-web-crawler-from-scratch']"
"private","['https://www.blog.datahut.co/post/how-to-build-a-web-crawler-from-scratch']"
"equity","['https://www.blog.datahut.co/post/how-to-build-a-web-crawler-from-scratch']"
"firms","['https://www.blog.datahut.co/post/how-to-build-a-web-crawler-from-scratch']"
"improve","['https://www.blog.datahut.co/post/how-to-build-a-web-crawler-from-scratch']"
"due","['https://www.blog.datahut.co/post/how-to-build-a-web-crawler-from-scratch']"
"diligence","['https://www.blog.datahut.co/post/how-to-build-a-web-crawler-from-scratch']"
"efficiency","['https://www.blog.datahut.co/post/how-to-build-a-web-crawler-from-scratch']"
"mine","['https://www.blog.datahut.co/post/how-to-build-a-web-crawler-from-scratch']"
"best","['https://www.blog.datahut.co/post/how-to-build-a-web-crawler-from-scratch']"
"tool","['https://www.blog.datahut.co/post/how-to-build-a-web-crawler-from-scratch']"
"collecting","['https://www.blog.datahut.co/post/how-to-build-a-web-crawler-from-scratch']"
"written","['https://www.blog.datahut.co/post/how-to-build-a-web-crawler-from-scratch']"
"different","['https://www.blog.datahut.co/post/how-to-build-a-web-crawler-from-scratch']"
"languages","['https://www.blog.datahut.co/post/how-to-build-a-web-crawler-from-scratch']"
"java","['https://www.blog.datahut.co/post/how-to-build-a-web-crawler-from-scratch']"
"php","['https://www.blog.datahut.co/post/how-to-build-a-web-crawler-from-scratch']"
"etc","['https://www.blog.datahut.co/post/how-to-build-a-web-crawler-from-scratch']"
"work","['https://www.blog.datahut.co/post/how-to-build-a-web-crawler-from-scratch']"
"across","['https://www.blog.datahut.co/post/how-to-build-a-web-crawler-from-scratch']"
"operating","['https://www.blog.datahut.co/post/how-to-build-a-web-crawler-from-scratch']"
"software","['https://www.blog.datahut.co/post/how-to-build-a-web-crawler-from-scratch']"
"tailor-made","['https://www.blog.datahut.co/post/how-to-build-a-web-crawler-from-scratch']"
"platforms","['https://www.blog.datahut.co/post/how-to-build-a-web-crawler-from-scratch']"
"linux","['https://www.blog.datahut.co/post/how-to-build-a-web-crawler-from-scratch']"
"gnu","['https://www.blog.datahut.co/post/how-to-build-a-web-crawler-from-scratch']"
"wget","['https://www.blog.datahut.co/post/how-to-build-a-web-crawler-from-scratch']"
"c","['https://www.blog.datahut.co/post/how-to-build-a-web-crawler-from-scratch']"
"php-crawler","['https://www.blog.datahut.co/post/how-to-build-a-web-crawler-from-scratch']"
"jspider","['https://www.blog.datahut.co/post/how-to-build-a-web-crawler-from-scratch']"
"among","['https://www.blog.datahut.co/post/how-to-build-a-web-crawler-from-scratch']"
"choose","['https://www.blog.datahut.co/post/how-to-build-a-web-crawler-from-scratch']"
"right","['https://www.blog.datahut.co/post/how-to-build-a-web-crawler-from-scratch']"
"must","['https://www.blog.datahut.co/post/how-to-build-a-web-crawler-from-scratch']"
"consider","['https://www.blog.datahut.co/post/how-to-build-a-web-crawler-from-scratch']"
"simplicity","['https://www.blog.datahut.co/post/how-to-build-a-web-crawler-from-scratch']"
"ability","['https://www.blog.datahut.co/post/how-to-build-a-web-crawler-from-scratch']"
"over","['https://www.blog.datahut.co/post/how-to-build-a-web-crawler-from-scratch']"
"various","['https://www.blog.datahut.co/post/how-to-build-a-web-crawler-from-scratch']"
"flexibility","['https://www.blog.datahut.co/post/how-to-build-a-web-crawler-from-scratch']"
"usage","['https://www.blog.datahut.co/post/how-to-build-a-web-crawler-from-scratch']"
"before","['https://www.blog.datahut.co/post/how-to-build-a-web-crawler-from-scratch']"
"final","['https://www.blog.datahut.co/post/how-to-build-a-web-crawler-from-scratch']"
"choice","['https://www.blog.datahut.co/post/how-to-build-a-web-crawler-from-scratch']"
"open","['https://www.blog.datahut.co/post/how-to-build-a-web-crawler-from-scratch']"
"able","['https://www.blog.datahut.co/post/how-to-build-a-web-crawler-from-scratch']"
"complicated","['https://www.blog.datahut.co/post/how-to-build-a-web-crawler-from-scratch']"
"sites","['https://www.blog.datahut.co/post/how-to-build-a-web-crawler-from-scratch']"
"scale","['https://www.blog.datahut.co/post/how-to-build-a-web-crawler-from-scratch']"
"tweak","['https://www.blog.datahut.co/post/how-to-build-a-web-crawler-from-scratch']"
"so","['https://www.blog.datahut.co/post/how-to-build-a-web-crawler-from-scratch']"
"target","['https://www.blog.datahut.co/post/how-to-build-a-web-crawler-from-scratch']"
"moreover","['https://www.blog.datahut.co/post/how-to-build-a-web-crawler-from-scratch']"
"mentioned","['https://www.blog.datahut.co/post/how-to-build-a-web-crawler-from-scratch']"
"earlier","['https://www.blog.datahut.co/post/how-to-build-a-web-crawler-from-scratch']"
"present","['https://www.blog.datahut.co/post/how-to-build-a-web-crawler-from-scratch']"
"ecosystem","['https://www.blog.datahut.co/post/how-to-build-a-web-crawler-from-scratch']"
"computational","['https://www.blog.datahut.co/post/how-to-build-a-web-crawler-from-scratch']"
"requirements","['https://www.blog.datahut.co/post/how-to-build-a-web-crawler-from-scratch']"
"another","['https://www.blog.datahut.co/post/how-to-build-a-web-crawler-from-scratch']"
"hassle","['https://www.blog.datahut.co/post/how-to-build-a-web-crawler-from-scratch']"
"overcome","['https://www.blog.datahut.co/post/how-to-build-a-web-crawler-from-scratch']"
"difficulties","['https://www.blog.datahut.co/post/how-to-build-a-web-crawler-from-scratch']"
"irrespective","['https://www.blog.datahut.co/post/how-to-build-a-web-crawler-from-scratch']"
"devices","['https://www.blog.datahut.co/post/how-to-build-a-web-crawler-from-scratch']"
"store","['https://www.blog.datahut.co/post/how-to-build-a-web-crawler-from-scratch']"
"readable","['https://www.blog.datahut.co/post/how-to-build-a-web-crawler-from-scratch']"
"file","['https://www.blog.datahut.co/post/how-to-build-a-web-crawler-from-scratch']"
"formats","['https://www.blog.datahut.co/post/how-to-build-a-web-crawler-from-scratch']"
"csv","['https://www.blog.datahut.co/post/how-to-build-a-web-crawler-from-scratch']"
"database","['https://www.blog.datahut.co/post/how-to-build-a-web-crawler-from-scratch']"
"systems","['https://www.blog.datahut.co/post/how-to-build-a-web-crawler-from-scratch']"
"transparent","['https://www.blog.datahut.co/post/how-to-build-a-web-crawler-from-scratch']"
"mining","['https://www.blog.datahut.co/post/how-to-build-a-web-crawler-from-scratch']"
"helped","['https://www.blog.datahut.co/post/how-to-build-a-web-crawler-from-scratch']"
"solve","['https://www.blog.datahut.co/post/how-to-build-a-web-crawler-from-scratch']"
"touch","['https://www.blog.datahut.co/post/how-to-build-a-web-crawler-from-scratch']"
"views","['https://www.blog.datahut.co/post/how-to-build-a-web-crawler-from-scratch']"
"comments","['https://www.blog.datahut.co/post/how-to-build-a-web-crawler-from-scratch']"
"marked","['https://www.blog.datahut.co/post/how-to-build-a-web-crawler-from-scratch']"
"liked","['https://www.blog.datahut.co/post/how-to-build-a-web-crawler-from-scratch']"
"offload","['https://www.blog.datahut.co/post/how-to-build-a-web-crawler-from-scratch']"
"dull","['https://www.blog.datahut.co/post/how-to-build-a-web-crawler-from-scratch']"
"complex","['https://www.blog.datahut.co/post/how-to-build-a-web-crawler-from-scratch']"
"labour-intensive","['https://www.blog.datahut.co/post/how-to-build-a-web-crawler-from-scratch']"
"expert","['https://www.blog.datahut.co/post/how-to-build-a-web-crawler-from-scratch']"
"contact","['https://www.blog.datahut.co/post/how-to-build-a-web-crawler-from-scratch']"
"today","['https://www.blog.datahut.co/post/how-to-build-a-web-crawler-from-scratch']"
"partner","['https://www.blog.datahut.co/post/how-to-build-a-web-crawler-from-scratch']"
"startup","['https://www.blog.datahut.co/post/how-to-build-a-web-crawler-from-scratch']"
"privacy","['https://www.blog.datahut.co/post/how-to-build-a-web-crawler-from-scratch']"
"policy","['https://www.blog.datahut.co/post/how-to-build-a-web-crawler-from-scratch']"
"faq","['https://www.blog.datahut.co/post/how-to-build-a-web-crawler-from-scratch']"
"studies","['https://www.blog.datahut.co/post/how-to-build-a-web-crawler-from-scratch']"
"white","['https://www.blog.datahut.co/post/how-to-build-a-web-crawler-from-scratch']"
"papers","['https://www.blog.datahut.co/post/how-to-build-a-web-crawler-from-scratch']"
"slides","['https://www.blog.datahut.co/post/how-to-build-a-web-crawler-from-scratch']"
"careers","['https://www.blog.datahut.co/post/how-to-build-a-web-crawler-from-scratch']"
"rights","['https://www.blog.datahut.co/post/how-to-build-a-web-crawler-from-scratch']"
"reserved","['https://www.blog.datahut.co/post/how-to-build-a-web-crawler-from-scratch']"
"bottom","['https://www.blog.datahut.co/post/how-to-build-a-web-crawler-from-scratch']"
