"URL","Frequency"
"https://iot-kmutnb.github.io/blogs","30"
"https://iot-kmutnb.github.io/blogs/stm32/stm32f4-blackpill","2"
"https://iot-kmutnb.github.io/blogs/sensors/aht2x","16"
"https://iot-kmutnb.github.io/blogs/mbedos/mbed-stm32-part-2","2"
"https://iot-kmutnb.github.io/blogs/freertos/arduino_avr_part-3","13"
"https://iot-kmutnb.github.io/blogs/freertos/arduino_avr_part-1","45"
"https://iot-kmutnb.github.io/blogs/arduino/vscode_pio_arduino","31"
"https://iot-kmutnb.github.io/blogs/arduino/mplab-x_ide_arduino_avr","54"
"https://iot-kmutnb.github.io/blogs/esp32/arduino-esp32-wokwi-part2","9"
"https://iot-kmutnb.github.io/blogs/mbedos/mbed-rp2040-part-2","11"
"https://iot-kmutnb.github.io/blogs/mbedos/vscode-pio-blackpill_mbed","5"
"https://iot-kmutnb.github.io/blogs/esp32/esp32_vscode_pio","25"
"https://iot-kmutnb.github.io/blogs/arduino/arduino_attiny85","43"
"https://iot-kmutnb.github.io/blogs/tools/logic_analyzer_pulseview","2"
"https://iot-kmutnb.github.io/blogs/esp32/arduino-esp32-wokwi-part1","41"
"https://iot-kmutnb.github.io/blogs/displays/spi_tft_lcd","14"
"https://iot-kmutnb.github.io/blogs/esp32/linux_pio_esp32","3"
"https://iot-kmutnb.github.io/blogs/arduino/avr_gcc_part-4","6"
"https://iot-kmutnb.github.io/blogs/arduino/arduino_avr_io_follower","27"
"https://iot-kmutnb.github.io/blogs/mbedos","8"
"https://iot-kmutnb.github.io/blogs/mbedos/mbed-rp2040-part-1","6"
"https://iot-kmutnb.github.io/blogs/arduino/arduino_cpp_class_keypad","20"
"https://iot-kmutnb.github.io/blogs/arduino/avr_gcc_part-5","9"
"https://iot-kmutnb.github.io/blogs/freertos/arduino_avr_part-2","10"
"https://iot-kmutnb.github.io/blogs/rpi-rp2040/rp2040_wifi_esp-at","30"
"https://iot-kmutnb.github.io/blogs/esp32/esp32-c3_intro","18"
"https://iot-kmutnb.github.io/blogs/mbedos/mbed-cli-2","1"
"https://iot-kmutnb.github.io/blogs/arm_cmsis","6"
"https://iot-kmutnb.github.io/blogs/rpi-rp2040","71"
"https://iot-kmutnb.github.io/blogs/arduino/arduino_nano","46"
"https://iot-kmutnb.github.io/blogs/esp32/esp32-c3_lolin_mini","17"
"https://iot-kmutnb.github.io/blogs/arduino/avr_asm_io","17"
"https://iot-kmutnb.github.io/blogs/seeed_xiao/xiao_samd21","44"
"https://iot-kmutnb.github.io/blogs/mbedos/mbed-rp2040-part-3","6"
"https://iot-kmutnb.github.io/blogs/arduino/avr_gcc_part-1","35"
"https://iot-kmutnb.github.io/blogs/arduino/vscode_pio_arduino_stm32","28"
"https://iot-kmutnb.github.io/blogs/esp32/esp32_spi","4"
"https://iot-kmutnb.github.io/blogs/esp32/esp_at_firmware","3"
"https://iot-kmutnb.github.io/blogs/mbedos/mbed-rp2040-part-4","6"
"https://iot-kmutnb.github.io/blogs/arduino/arduino_nucleo_stm32","34"
"https://iot-kmutnb.github.io/blogs/esp32/esp32_m5stamp","1"
"https://iot-kmutnb.github.io/blogs/sensors/bh1750","13"
"https://iot-kmutnb.github.io/blogs/mbedos/mbed-rp2040-part-5","10"
"https://iot-kmutnb.github.io/blogs/electronics/arduino_inductance_measurement","32"
"https://iot-kmutnb.github.io/blogs/python","6"
"https://iot-kmutnb.github.io/blogs/arduino/mplab-x_ide_avr","4"
"https://iot-kmutnb.github.io/blogs/displays/i2c_oled","18"
"https://iot-kmutnb.github.io/blogs/tinkercad","14"
"https://iot-kmutnb.github.io/blogs/sensors/hc-sr04","4"
"https://iot-kmutnb.github.io/blogs/training/mqtt_linux_part-1","1"
"https://iot-kmutnb.github.io/blogs/rpi-rp2040/arduino_pico","38"
"https://iot-kmutnb.github.io/blogs/mplab-x/samd21_intro","9"
"https://iot-kmutnb.github.io/blogs/esp32/esp32_c3_weact_studio","23"
"https://iot-kmutnb.github.io/blogs/esp32/esp32-luatos_core_c3","8"
"https://iot-kmutnb.github.io/blogs/training/mqtt_linux_part-5","17"
"https://iot-kmutnb.github.io/blogs/stm32/stm32f4_arduino_freertos","30"
"https://iot-kmutnb.github.io/blogs/arduino/arduino-spi-master-slave","38"
"https://iot-kmutnb.github.io/blogs/training/mcu_programming_with_esp32","1"
"https://iot-kmutnb.github.io/blogs/arduino/arduino_cpp_class_rgb_led","27"
"https://iot-kmutnb.github.io/blogs/tools/pulseview_rigol_ds1054z","6"
"https://iot-kmutnb.github.io/blogs/esp32","6"
"https://iot-kmutnb.github.io/blogs/arduino/arduino_ledbar","23"
"https://iot-kmutnb.github.io/blogs/freertos/arduino_avr_part-4","30"
"https://iot-kmutnb.github.io/blogs/freertos/arduino_avr_part-5","16"
"https://iot-kmutnb.github.io/blogs/sensors/ir_receiver","16"
"https://iot-kmutnb.github.io/blogs/sensors/veml6070","10"
"https://iot-kmutnb.github.io/blogs/arduino/avr_gcc_part-3","10"
"https://iot-kmutnb.github.io/blogs/arduino","280"
"https://iot-kmutnb.github.io/blogs/sensors/max44009","12"
"https://iot-kmutnb.github.io/blogs/sensors/gy-us042v2","5"
"https://iot-kmutnb.github.io/blogs/mbedos/mbed-stm32-part-1","1"
"https://iot-kmutnb.github.io/blogs/rpi-rp2040/pico_sdk_vscode_wsl2","1"
"https://iot-kmutnb.github.io/blogs/arduino/avr_gcc_part-2","13"
"https://iot-kmutnb.github.io/blogs/rpi-rp2040/arduino_rp2040_core","25"
"https://iot-kmutnb.github.io/blogs/arduino/bootloader","3"
